player_id,0,1,2,3,4,5,6,7,8,9
ordazlu01,0,0,0,-0.1,0,0,0,0,0,0
distebe01,0,0,-0.1,0,0,0,0,0,0,0
schmimi01,6.2,7.9,8.8,7.7,7.4,6.8,7,5,6.1,6.1
thomeji01,5.5,3.3,4.5,4.7,5.6,7.4,4.7,3.2,0.2,4.9
diazma02,1.7,0.6,-0.9,-0.8,-0.1,0,0,0,0,0
taubeed01,-0.1,1.4,1.5,-1.2,-0.3,0,0,0,0,0
wilkiri01,0.5,-0.1,-0.1,0,-0.1,0,0,0,0,0
jamesdi01,1.2,0.2,0,0.4,1.5,0,-0.2,-0.2,0,0
harpete01,-1.1,-0.3,0,0,0,0,0,0,0,0
dentbu01,2.3,4,1.7,-0.6,0.3,0,0,0,0,0
sakatle01,0.8,0.4,0.1,0.4,0.2,0,0,0,0,0
flahejo01,-0.7,1.7,-0.5,-0.9,0.7,0.6,-0.1,-0.5,0,0
mcclasc01,0,-0.2,0,-0.1,0.1,0,0,0,0,0
molinjo01,0.9,0,-0.1,0.8,-0.1,0.8,0.9,0.9,0,-2.1
wynnema01,-2.3,-0.9,0,0,0,0,0,0,0,0
hatchmi01,0.7,0.2,0.8,0.4,-0.7,-0.9,0,0,0,0
allenga01,-0.4,0,0,0,0,0,0,0,0,0
maciajo01,-0.4,0,0,0,0,0,0,0,0,0
michaja01,0.1,-0.7,-0.4,0.9,-0.5,0,0,0,0,0
gallemi01,4.1,1.4,4.5,2.4,-0.4,-0.5,-0.2,0,0,0
yeagest01,1.7,1.1,-0.2,0.5,1,1.5,0.2,0.1,0,0
corpoca01,-0.5,0,0,0,0,0,0,0,0,0
rodrihe02,1,3.1,-0.4,-0.2,-0.5,0,0,0,0,0
footeba01,2,0.9,-0.3,-0.6,0,0,0,0,0,0
gilesbr02,5.3,5.3,3.3,3.7,4.9,3.3,1.4,4.8,-1.9,0
nahorbi01,0.1,0,-0.1,0,0,0,0,0,0,0
dernibo01,-0.5,0.8,0.4,-0.8,0,0,0,0,0,0
mccanbr01,2.5,0.8,2.3,1.8,2.8,0.9,1.2,0,0,0
flannti01,2.3,2.1,0.4,1.1,0.3,0,0,0,0,0
johnsti01,-0.7,0,0,0,0,0,0,0,0,0
seitzke01,3.3,1.3,0.8,2.2,4.3,-0.4,0,0,0,0
tagucso01,-0.2,-0.1,0,0,0,0,0,0,0,0
newmaal01,-0.7,1.1,0,0,0,0,0,0,0,0
johnsla02,1.6,-0.3,-0.3,0,0,0,0,0,0,0
martica02,0,-0.1,0,0,0,0,0,0,0,0
hartco01,3.9,3.4,1.9,0,-0.5,-0.5,0,0,0,0
wilsojo03,0.2,0,0.4,0.4,0.1,0,0,0,0,0
riverju01,-0.1,-0.8,3.8,-0.3,0.6,-0.9,0,0,0,0
wallati01,2.4,4.2,2.7,4.1,4.1,0.3,0.3,-1,1.9,0.8
romerma01,0.1,0,0,0,0,0,0,0,0,0
meyerda01,-0.5,-0.4,-1,-1.2,0.1,-0.2,0,0,0,0
johnsch05,-0.7,-1,0,0,0,0,0,0,0,0
saboch01,-0.2,-0.6,0.5,0,0,0,0,0,0,0
andruel01,2.1,3.7,4.7,0,0,0,0,0,0,0
jacksbo01,0,0.6,0.6,0,0,0,0,0,0,0
penage01,-0.1,0,0,0,0,0,0,0,0,0
thurmga01,-0.5,0,-0.1,0,-0.1,0,0,0,0,0
tatumji01,0.1,0,0,0,0,0,0,0,0,0
jimenda01,-0.3,-0.2,0,0,0,0,0,0,0,0
loftoke01,4.9,5.9,5.6,3.4,1.9,3.7,3.5,1.4,3.5,0.8
alfoned01,1.6,5,0.3,0.5,-1,-0.7,0,0,0,0
velanjo01,0.2,0,0,0,1,0,0,0,0,0
coopesc01,0,-0.3,0,0,0,0,0,0,0,0
taverwi01,-0.3,0,0,0,0,0,0,0,0,0
buechst01,3.7,2.1,3.5,-0.4,-0.6,0,0,0,0,0
coopece01,2.7,3,3.7,6.8,4.2,5.6,4,0.7,1.4,-0.8
paytoja01,1.9,2.1,2,-0.4,1.1,0,0.3,0,0,0
delgawi01,-0.1,-0.2,0.7,0,0,0,0,0,0,0
bonilbo01,1.4,3.2,2.8,3.4,1.1,2,-1,-1.4,-1.2,-1
longoev01,3.3,3.2,3.9,3.6,0,0,0,0,0,0
ashbyal01,-1,0.6,2.2,0.7,0.3,0.5,1.6,0.4,2.4,0.7
howarth01,-0.5,0.5,-0.4,0.3,-0.8,0,0,0,0,0
newhada01,-0.3,-0.3,-0.4,-0.3,0,0,0,0,0,0
smithoz01,5,6.4,5.6,6.4,6.6,7.3,3.6,5,5.1,3.1
rolliji01,4.6,6.1,5.4,1.7,2,2.6,2.4,0.3,4,-0.1
beniqju01,2.7,-0.1,-0.2,-0.4,-1.1,-0.1,1.1,2.2,1.4,0.6
burksel01,2.9,1.4,-0.4,7.9,1.9,2,2.8,5,3,3.9
greensh01,6.4,3,7,6.9,2,1.9,1.1,-0.9,0.3,0
choosh01,1.7,3.4,4.4,0.1,3.5,0.3,1.1,0,0,0
penabe01,-0.5,0,0,0,0,0,0,0,0,0
mattido01,3.7,4.2,-0.3,1.7,2.8,2.7,2.3,-0.2,0,0
sheripa01,0.4,1.6,0.7,0,-0.6,0,0,0,0,0
murphdw01,4.3,2.9,3.8,1.4,1.2,0.3,0,0,0,0
kellypa03,-0.1,0.1,0.1,0,0,0,0,0,0,0
jacksco01,0.1,0,0,0,0,0,0,0,0,0
newsowa01,0.2,-0.4,0,0,0,0,0,0,0,0
goodwto01,0.7,3,0,1.9,-0.5,1,0.2,-0.7,0,0
allench01,-0.3,0,0,0,0,0,0,0,0,0
meoliru01,0,-0.3,-0.1,0,0,0,0,0,0,0
gonzaca01,-0.7,3.1,2.3,-0.2,0,0,0,0,0,0
gonzaju03,1.7,3.8,2.7,4.9,3.9,1.9,4.4,0.4,1.4,0.5
clarkja01,3.1,4,3.8,2.5,2.6,1.6,5.4,2.8,3.8,3.7
parenma01,0.3,0.2,0.7,1.7,0,-1.2,-0.2,0,0,0
waltoje01,1.4,0.6,0.3,0,0,0,0,0,0,0
hosleti01,0.1,-0.2,0.3,0,0,-0.2,0,0,0,0
willibe02,5.5,5.2,5.4,5.2,5.2,4.5,1,0.9,-1.6,-0.4
pulliha01,0.1,0,0,0,0,0,0,0,0,0
bosleth01,0.6,0.3,2.4,0.3,-0.2,-0.1,0.1,-0.3,0,0
blanche01,-1.2,-0.4,0.8,0.5,-0.5,0.1,0.3,0,0.8,-0.2
hallbi03,0.1,-0.7,1.8,-1.5,0,0,0,0,0,0
munsoer01,-0.5,-0.7,0,0,0,0,0,0,0,0
benjami01,0.4,0.7,0.2,2,1.4,1,0,-1.2,0,0
everead01,1.1,0.2,0.7,-0.5,-0.2,0,0,0,0,0
youngge02,-0.5,0.3,0,0,0,0,0,0,0,0
guerrma01,-0.9,-0.4,0,0,0,0,0,0,0,0
simonra01,0.2,-1.9,0,-0.1,0,0,0,0,0,0
rayfofl01,-1,-0.3,0,0,0,0,0,0,0,0
cangejo01,0,-1.2,0,0.6,1.8,1.4,0.6,-0.6,-0.1,0
navardi01,0,-0.1,0.3,2.1,2.4,0.7,-0.8,0,0,0
nettlji01,0,0,0,-0.3,0,0,0,0,0,0
riosal01,3.4,-1.9,4.8,2.2,0.6,-1.1,0,0,0,0
cottohe01,0.7,0.3,0.7,-0.5,0,0,0,0,0,0
olivomi01,0.7,1.4,2.5,0.3,0.5,-0.1,-0.2,0,0,0
heltoto01,6.2,8.3,4.6,2.2,4.5,1,3.3,0.2,2.5,0.1
rungepa01,-0.1,-0.2,0,0,0,0,0,0,0,0
braunry02,2.1,1,3.8,4.4,1.2,0,0,0,0,0
cedenro02,1,0.4,-0.4,-0.2,0,0,0,0,0,0
saenzol01,1.9,0,0.5,0,0.8,0.6,0.7,-0.7,0,0
motleda01,-0.3,0,0,0,0,0,0,0,0,0
jonesad01,3.8,4.6,4.9,3.3,1.1,2.5,0,0,0,0
bloomwi01,1.3,-0.5,-0.9,0.1,-0.1,0.4,-0.2,-0.4,0,0
baldero01,0.6,0,0,0,0,0,0,0,0,0
ayalabe01,0.5,0.7,0.7,-0.2,-0.6,-0.2,0,0,0,0
adducji01,0.1,0,0,0,0,0,0,0,0,0
aikenwi01,2.1,-0.8,-0.1,0,0,0,0,0,0,0
virgioz02,1.9,2,1,0.1,-0.1,0,0,0,0,0
bakopa01,-0.1,0.2,-0.4,-0.5,-0.8,0,0,0,0,0
matthga02,3,5.2,1,-1,-0.1,-0.6,0,0,0,0
mottoch01,0,0,-0.1,0,-0.1,0,0,0,0,0
hoovepa01,0,-0.2,0.1,-0.2,0,0,0,0,0,0
espinal01,0.5,1.7,0,0.8,0,-0.3,0.8,-0.6,0,0
huntebr01,0,-0.2,0.7,-0.1,0,0,0,0,0,0
romered01,0.2,-0.2,-0.1,-0.8,-1.2,-0.6,-1.6,-0.2,0,0
jacksda04,1.2,-0.1,-0.6,1.4,-0.4,0,0,0,0,0
huffau01,1,0.3,4.1,-1.8,5.7,-0.3,0.2,0,0,0
carrema01,0.7,0.3,2.9,0.5,0,0,0,0,0,0
francte01,-0.9,0.2,-1.4,-0.1,0,0,0,0,0,0
cabreme01,4.4,4.7,-0.1,3.1,1.4,2.7,-0.1,0,0,0
berryda01,0.7,0.1,-0.6,0,0.2,0,0,0,0,0
kempst01,1,0.7,0.1,0.1,0,-0.4,0,0,0,0
spikech01,0,-0.3,0,0,0,0,0,0,0,0
branyru01,1,0.2,1.7,0.3,1.4,2.6,2,0,0,0
jacksro02,1.1,0.1,0.2,-0.8,0,0,0,0,0,0
goffje01,0,0,0,0,0,0,0,0,0,0
kniceal01,-0.3,-0.1,0,0,0,0,0,0,0,0
dykstle01,3.1,2.4,6.5,2.3,0.8,2,0,0,0,0
fickro01,-1.3,0,-0.5,-1.4,0,0,0,0,0,0
parkeri01,0,0,0,0,0,0,0,0,0,0
kreutch01,0,0,0.2,0.6,0.4,-0.4,2.1,1.3,0.3,-0.2
loretma01,0.5,0.7,4.9,6,0.4,0.5,0.7,0.6,-0.4,0
mccarda01,0,1.5,-0.5,-0.4,0.2,0.2,0.2,0,0,0
whitede03,6.3,6.2,6.2,2.4,1.1,3.3,1.3,3.7,0.6,0
izturce01,-0.2,1.7,1.3,0.3,0.1,-0.6,0.4,0,0,0
mosesjo01,1.3,-0.2,-1,-0.3,-0.1,0,0,0,0,0
joycema01,1.2,-1,1.7,1.7,0,0,0,0,0,0
mabryjo01,-0.3,-1.2,1.9,0,-0.2,-0.4,-0.6,-0.3,0,0
puhlte01,3.4,3,1.2,-0.3,-0.1,1.8,2.1,0.1,-0.1,0
gutieri01,-0.5,1.6,2.3,0.1,-0.5,-0.8,0,0,0,0
ripkeca01,3.2,5.7,6.6,7.5,11.5,4,3.7,4,3.9,3.8
hillesh02,-1.4,0,0,0,0,0,0,0,0,0
alexama01,0.5,0.4,0.3,0,0,0,0,0,0,0
cuddymi01,3.1,0.3,2.8,0.3,1.9,0.6,2,1.2,0.5,0
brantmi02,3.4,-0.1,2.1,0,0,0,0,0,0,0
davisbo02,-0.9,-0.3,0,0,0,0,0,0,0,0
larueja01,2.8,-0.3,-0.2,-0.2,0.1,0.1,0,0,0,0
mageewe01,0.7,0,0,0,0,0,0,0,0,0
brunter01,-1.2,0,0,0,0,0,0,0,0,0
walkene01,2.4,2.4,1.5,0,0,0,0,0,0,0
walkedu01,-0.2,0,0,0,0,0,0,0,0,0
reyesjo01,0.9,2.3,4.7,2.9,2.6,3.2,0.3,0.4,-0.6,0
lawru01,0.1,1.1,0.5,0,0,0,0,0,0,0
casilal01,2,0.6,-0.2,0,0,0,0,0,0,0
stairma01,3.4,1.7,-0.1,1.5,0.6,1.1,0.4,1.1,0.3,2.4
catalfr01,2.1,0.5,2.5,1.8,0.9,-0.1,0.3,-0.4,0,0
maymi01,0,1.2,1.4,0.5,1.6,1.4,2.8,1.6,-0.3,0
kaplega01,0.1,0.6,0.5,0,2,0.5,-0.4,0,0,0
bergmda01,0.6,0.6,1.2,2.1,-1.1,-0.2,0.9,1.5,0.6,0.7
espyce01,1.6,-0.5,0.1,-0.6,0,0,0,0,0,0
nixja01,-0.9,0,0,0,0,0,0,0,0,0
brockgr01,0.5,0.8,0.4,0.6,0,0,0,0,0,0
craigro02,0,-0.1,0,0,0,0,0,0,0,0
scottro01,0.6,0.1,0,0,0,0,0,0,0,0
briggda01,-0.3,-0.5,0,0,0,0,0,0,0,0
ibanera01,1.5,2.4,2.6,3.2,4.5,1.7,2.7,2.9,0.4,-2
jenkige01,1.4,4.6,1,1.4,-0.1,0,0,0,0,0
driesda01,0.6,2.6,0.4,1.9,2.1,2.3,0.3,0.5,-0.1,0
blaloha01,0.9,0,0.1,0,0,0,0,0,0,0
gonzaal03,-0.1,0,0,0,0,0,0,0,0,0
girarjo01,-0.6,1.1,0.1,0.8,-0.5,1.6,1,-0.6,-0.4,0
corajo01,1.7,0.7,0.3,1,2.6,2.1,0,0,0,0
polonlu01,-2,1.3,-0.2,-1.6,0,0,1.2,0.1,0,0
phelpjo01,0,1,-0.5,0,0,0,0,0,0,0
vidrojo01,4,1.2,0.1,-0.8,1.4,-0.5,0,0,0,0
stoneje01,-0.6,0,0,0,0,0,0,0,0,0
boonebr01,1.5,0.2,0.2,8.8,4.2,5.9,0.4,-2.2,0,0
ryanmi03,0,0,-0.3,0,0,0,0,0,0,0
wiggity01,2.2,-1,1.1,-0.3,-1.5,-0.8,0,0,0,0
manniri01,2.2,1,0.2,0.2,-0.8,0.6,-0.2,0,0,0
herrto01,5.6,2.6,0.3,1.5,2.8,-0.1,0.4,0,0,0
gomezch02,-0.3,-0.2,0.3,1.3,-0.8,1,-0.3,0.6,0.2,0.1
gutiefr01,0.7,0.3,0.4,0,2.4,0.3,-0.1,0,0,0
longte01,0.1,-0.4,0,0,0,0,0,0,0,0
chileri01,0.1,-0.2,0,0,0,0,0,0,0,0
mcreyke01,3.6,3.6,1.1,1,0.9,0.3,0,0,0,0
poseybu01,6.1,4.6,4,0,0,0,0,0,0,0
valbulu01,1.6,2.1,2.6,0,0,0,0,0,0,0
hemonsc01,-0.4,0,0,0,0,0,0,0,0,0
roberbi01,5,-0.2,1.7,0.4,0.4,1.9,1,0,0,0
ortizda01,3.4,4.2,5.3,5.7,6.4,1.7,0.7,2.8,3.9,3.2
winfida01,8.3,3.9,2.5,3.5,2.4,5.3,3.4,3.1,1.8,5.4
youngke01,1.4,5.6,-1.5,-0.6,0.4,-0.4,0,0,0,0
riverru01,1.1,0.4,0.1,0,0,0,0,0,0,0
cowenal01,0.4,0.5,2.8,-0.8,0.3,0.6,-1,0,0,0
quirogu01,0,0,-0.1,-0.4,-0.1,0,0,0,0,0
karkoro01,2.1,3.2,1.1,1.4,1.1,-0.3,0,0,0,0
paquecr01,0.6,-0.5,0.7,-1.6,-0.5,0,0,0,0,0
overbly01,1.1,2.6,2.9,2.5,-0.4,0,0.3,-0.4,0,0
whitfte01,0.7,0,0,0,0.3,0.3,-0.2,0,0,0
larkiba01,5.6,3.8,3.9,5.9,7.2,3.5,5.7,5.1,2.6,0.5
naehrti01,3.6,2.3,0,0,0,0,0,0,0,0
phillpa01,-0.1,0,0,0,0,0,0,0,0,0
bransje01,-0.7,0,0,-0.1,0,0,0,0,0,0
jonesch06,6.9,5.6,5.9,5.7,4.4,3.9,4.1,3.6,7.6,7.3
thomade01,1.2,0.9,1.5,1.7,0.4,0.1,0.3,-0.1,-0.1,0
cabrejo02,0.4,0,0,0,0.3,0,0,0,0,0
anderma02,-0.9,0.7,1.5,0.7,-0.2,-0.1,0,0,0,0
upshawi01,2.6,2.2,1.9,1.6,0.3,0,0,0,0,0
easleda01,5.6,1.9,4,2.7,0.5,-1.3,0.5,0.9,0.2,1.5
hobsobu01,-0.9,-0.8,0,0,0,0,0,0,0,0
shavejo01,0.5,0,0,0,0,0,0,0,0,0
swishst01,0,-0.4,-0.2,0,0,0,0,0,0,0
bicheda01,1,1.2,0.6,0.2,1,-2.3,0.7,0.5,0,0
martiti02,2.1,5.1,3.2,2.2,0.3,2.2,1.4,0.9,2.3,1.5
olivejo01,0.6,0.6,0.5,-0.4,-0.9,1,-0.4,0,0,0
woodsal01,0,0,0,0.2,0,0,0,0,0,0
brenlbo01,3.2,-0.5,-0.6,0,0,0,0,0,0,0
lopezlu02,0,0.5,0,-0.4,0,-1.2,-0.4,0,0,0
herrejo03,-0.1,-0.5,0,0,0,0,0,0,0,0
nietoto01,-0.2,0,0,0,0,0,0,0,0,0
finlest01,1.5,5.7,1.5,-0.1,4.9,3.4,0.9,3.9,3.2,3.1
kuntzru01,-0.2,0,0,0,0,0,0,0,0,0
matsuhi01,2.7,1.7,0.6,-1.3,0,0,0,0,0,0
kingmda01,-0.1,2.4,4.1,0.9,0.7,0.1,-0.9,2.5,0.6,-1
brookto01,1.9,0.3,0.3,1.1,-1.2,0.4,0,0,0,0
tillmru01,0.2,0,0,0,0,0,0,0,0,0
matusle01,-0.2,0,0,0,0,0,0,0,0,0
burriem01,0,0.2,-0.6,0,0,0,0,0,0,0
walewji01,0.1,0,0,0,0,0,0,0,0,0
beanbi01,-0.4,-1.3,-0.3,0,0,0,0,0,0,0
lansimi01,0,-1.4,0.1,0,0,0,0,0,0,0
oberkke01,3.3,0.9,2.5,3.4,0.2,-0.2,0.5,-0.3,0.2,-0.3
castial01,-0.2,-0.4,0,0.7,0.5,0,-0.1,0,0,0
lecroma01,0,-0.3,0,0,0,0,0,0,0,0
riggsad01,0.1,-0.2,0,0,0,0,0,0,0,0
stewach01,1,0.3,0.6,0.4,-0.3,-0.7,0,0,0,0
hollida02,0.2,0.2,0,0,0,0,0,0,0,0
hannaja01,0.8,-0.3,-0.4,0,0,0,0,0,0,0
putnapa01,0.7,-1.6,0,0,0,0,0,0,0,0
hillaa01,0.9,5,1.1,-1.3,-0.3,1.2,-0.9,0,0,0
parsoca01,-0.3,0,0,0,0,0,0,0,0,0
hernajo01,1.1,2.2,1.9,-0.1,1.8,4.5,-1.6,1.9,0.3,0.2
wilsowi02,6.3,1.6,4.3,2.1,1.9,1.8,0.3,1.8,1.9,1
turnech01,-0.1,-0.1,0,0,0,0,0,0,0,0
rabbjo01,0.2,0,0,0,0,0,0,0,0,0
bailobo01,0.4,1.9,1.6,0.7,0.7,0,0,0,0,0
greggto01,-0.2,0,-0.6,0,-0.2,0,0,0,0,0
macfami01,3.1,1,1.1,2.9,0.3,0.4,0.1,0,0,0
quirkja01,-0.2,-0.1,-0.4,0,0.2,0.6,-0.2,0.9,-0.3,0.8
percoja01,0.1,0,0,0,0,0,0,0,0,0
wellsve01,3.2,6.2,1.4,2,0.9,4,-0.5,0.6,-0.2,0
oneilpa01,4.9,1.6,2.9,4.3,2.8,3.8,2.4,5.8,2.8,1.3
aybarer01,4.1,1.7,3.9,2.3,-0.2,0.2,0,0,0,0
easlemi01,0.3,4.1,0.9,1.2,1.1,3.7,0.4,2,-0.1,0
furcara01,4.3,1.8,2,3.4,4.2,0.6,1.3,0,-0.2,0
otted01,1.8,0.3,0,0,0,0,0,0,0,0
smithlo01,1.6,1.7,2.3,-0.2,0.6,8.8,4.6,1.8,1.5,2.3
smithse01,0.3,4,1.9,0.5,0.3,0,0,0,0,0
vaughgr01,-0.4,3.1,0.2,6.3,3.4,3.2,2.1,0.1,-0.1,0
hornebo01,0.7,1.8,1.8,0,0.2,0,0,0,0,0
hodgero01,0.1,0.4,0.3,1.6,1,0.5,0,0,0,0
bradlsc01,-0.9,-1.5,0.1,0,0,0,0,0,0,0
washicl01,0.2,1.6,-0.1,0.2,2.6,0.5,0,1,3.2,2
ruizca01,4.5,1.7,3.3,-0.8,1.7,0.5,0,0,0,0
iannech01,1.3,1.9,2.1,0.7,0.3,1.8,0,0,0,0
evereca01,5.8,4.7,1.1,0.1,3.7,-0.4,0,-0.6,0,0
lindeji01,0.2,-0.1,0.4,0,0,0,0,0,0,0
blankky01,0.4,0,0,0,0,0,0,0,0,0
lakest01,0.5,-0.1,-0.6,-0.1,0.1,0,0,0,0,0
johnsbr01,-1,0,0,0,0,0,0,0,0,0
lynnfr01,4.7,0.1,4.7,1.5,3.8,1.8,2.6,1,2.5,0.8
stewash01,3.9,3.5,3.1,1.8,0.4,0.1,1.4,0,0,0
sweenmi01,4.6,5,2,1.3,1.8,0.2,-0.1,0.5,0.4,0.6
gantro01,6.5,0,3.3,3.2,0.8,1.8,2.1,2.1,0.4,1.9
younger02,0,0,0,-0.2,0.1,0,0,0,0,0
casanra01,-0.5,0,0,0,0,0.2,0.1,0,0,0
gonzaad01,4.3,6.9,3.7,3.9,3.8,4,2.1,-1.2,0,0
bellke01,0.1,0,0,0,0,0,0,0,0,0
kouzmke01,0,0,0.7,0,0,0,0,0,0,0
youngmi01,-0.1,-0.5,0,0,0,0,0,0,0,0
morriha02,2.2,1,2.7,-0.5,0.4,0,0.7,0,0,0
santara01,0,-0.1,0,0,0,0,0,0,0,0
andresh01,0,-0.1,0,0,0,0,0,0,0,0
bochtbr01,2.8,0.6,1.9,0,0.3,2.7,0.9,0,0,0
gonzaal01,0.7,1.9,0.1,1.1,-0.9,1.6,-0.5,0,0,0
milbola01,0.5,1.2,-1.1,-0.6,-0.7,0,0,0,0,0
kingje01,2.5,3.3,3.7,1.9,0.4,0,0,0,0,0
mcdonjo03,1.1,-0.1,2.4,-0.5,0.4,1.1,1.2,1.1,-0.5,-0.3
uptonbj01,1.4,3,2.8,-1.6,-0.5,1.6,1.4,0,0,0
lowrije01,0.8,1,-0.4,4,0,0,0,0,0,0
sanchfr01,1.2,2,1.8,0.8,0,0,0,0,0,0
francju01,2.2,5.3,6.8,6.2,-0.3,2.2,3,0,3,1
woodja02,0,0,0.3,-0.1,0,0,0,0,0,0
murphda05,6.1,7.1,5.5,5,2.6,7.7,3.1,1.6,0.9,0.8
sorrepa01,0.4,1.1,2.3,-0.5,-0.9,0,0,0,0,0
floydcl01,1.4,2.7,6.6,4.7,2.7,0.7,4.7,-0.4,0.1,0.9
schnebr01,0.4,-0.2,0.3,0.2,0.5,-1,0.1,0,0,0
huntebr02,0.4,0.6,1,-0.1,0,0,0,0,0,0
halech01,-0.2,0.2,-0.2,0,0,0,0,0,0,0
cabremi01,5.1,6.5,7.5,7.2,7.3,5,5.2,4.9,-0.8,0
hillma01,0.2,0,-0.1,0.4,-0.1,-0.1,-0.7,0,0,0
hillgl01,2,1.5,0.1,2.2,1.2,1,-1.1,0,0,0
kottage01,0.2,0,0,0,0,0,0,0,0,0
hollida01,4.2,3.5,-0.4,-0.5,0,0,-0.1,0,0,0
reimono01,-0.1,-0.4,0,0,0,0,0,0,0,0
scutama01,4.5,5.4,2.6,2.7,2.1,2.2,-0.3,0,0,0
kleskry01,2.9,1.1,3.2,4.6,4.2,0.8,1.2,1.7,0.2,0.3
izturma01,1.4,1.7,0.2,-1,0.2,0,0,0,0,0
roeniro01,-0.4,-0.4,0,0,0,0,0,0,0,0
kearnau01,-1.2,-0.4,0.9,-0.7,0.3,-0.2,0,0,0,0
blumge01,-0.1,1.1,0.7,0.2,-0.4,0.2,0.1,-0.2,0,0
reynoro02,0,0,-0.3,0,0,0,0,0,0,0
harrile01,0.6,-0.2,0,0.4,-0.5,-0.5,-0.1,-0.9,0.9,-0.8
rottivi01,-0.3,0,0,0,0,0,0,0,0,0
stennre01,3.3,-1,0.1,-0.8,0.2,0,0,0,0,0
greenmi01,1.9,-0.9,3.6,0.3,2.9,0.1,0,0,0,0
giambja01,9.2,7.1,4.8,-0.1,4.6,2.8,0.9,1.9,-0.1,-0.2
mclouna01,0,0.5,1.8,-0.7,0,0,0,0,0,0
headlch01,3.4,3.5,1.1,2.6,1.8,0,0,0,0,0
greenwi01,2.4,-0.9,0.3,0,0,0,0,0,0,0
biggicr01,4.6,6.3,5.5,9.4,6.5,5.1,1.4,3.2,0.4,2.5
noboaju01,-0.3,-0.5,-0.5,0,-0.1,0,0,0,0,0
palmera01,4.1,6.9,4,5.5,4.4,3.2,6.3,5.2,2.9,4.7
phelpke01,2.3,2.5,2.6,0.5,-1,0,0,0,0,0
wallety01,0,0,0,0,0,0,0,0,0,0
youngdm01,0.4,3.4,1.7,1.4,-0.2,0.2,-0.5,0,0,0
sheetan01,0.3,0,0,0,0,0,0,0,0,0
mcgwima01,6.4,1.5,1.5,5.5,6.4,5.1,7.5,5.2,4.2,0.3
parkeda01,6.7,1.6,0,0.6,0.2,1,4.7,0.2,-1.2,0.2
ontivst01,0.6,-0.4,0,0,0,0,0,0,0,0
velezot01,2.9,1.4,0.9,-0.2,-0.4,0,0,0,0,0
gerutjo01,0.6,-0.1,0,0,0,0,0,0,0,0
hinsker01,1.4,0.4,0.3,0.1,-1,-0.2,0,0,0,0
wernedo01,-0.1,-0.3,0,0,0,0,0,0,0,0
varshga01,-0.3,0.1,0,0,0,0,0,0,0,0
quinthu01,0.5,0.3,0.4,0.5,0.6,0,0,0,0,0
seguida01,1.1,2.1,3.2,0.8,2.6,2.1,-0.1,0.3,0.1,0
bosetri01,0,0,0,0,0,0,0,0,0,0
martisa01,-0.1,0,0,-0.1,0,0,0,0,0,0
cedence01,5.9,4.9,2.2,2,5,0.4,0.9,0.3,1.3,1
heathmi02,2,2.9,0.3,1.7,0.8,2.7,0.9,-0.7,0,0
moutoly01,-0.5,0,0,0,0,0,0,0,0,0
fabrejo01,0.3,-0.4,-1.1,0,0,0,0,0,0,0
gwynnch01,0.4,-0.3,-0.3,-0.7,0,0,0,0,0,0
freesda01,2.4,1.9,2,0,0,0,0,0,0,0
grossgr01,1.4,0.3,0.1,0.7,0.3,1.3,-0.1,0,-0.1,-0.7
greerru01,2.1,0.3,0,0,0,0,0,0,0,0
nixonot01,0.9,1.6,2.2,3,3.2,0.9,1.3,1.1,1.4,0.2
lawtoma02,2.5,1.3,1.2,1.3,-0.1,-0.2,0,0,0,0
wilsocr03,-0.2,0,0,0,0,0,0,0,0,0
gagnegr01,4.1,3.2,2.5,1.4,3.2,1,2.3,2.2,-0.3,0
macksh01,1.7,3.9,0,0,0.8,0.4,0,0,0,0
cruzto02,0.7,0,0,0,0,0,0,0,0,0
keppije01,0.8,-0.3,2.6,-1.9,0,0,0,0,0,0
shoppke01,0.6,1.4,0,0,0,0,0,0,0,0
balbost01,-0.9,0.1,-0.1,-0.5,0,0,0.1,0,0,0
larocad01,1.1,-0.3,4.1,0.8,2.3,-0.8,0,0,0,0
bernido01,0.1,0,0,0,0,0,0,0,0,0
womacto01,0.5,0.2,1.4,0.4,-1.8,3.3,-2.2,0.3,0,0
lobatjo01,-0.6,0.3,-1,0,0,0,0,0,0,0
molitpa01,-0.1,3.7,2.3,6,5.2,5.7,3.2,5.3,4.7,5.7
lyonsba01,0,0,0,0.3,0,0,0,0,0,0
phillja04,-0.7,0,0,0,0,0,0,0,0,0
smallro02,0.6,2.8,2.8,0.2,1,0.9,0.2,0,0,0
victosh01,3.7,3,5.4,2.6,6.1,0.6,0.3,0,0,0
grudzma01,1.5,0.9,2.3,0.7,4.1,3.2,3.2,1.8,0,0.2
iorgda01,0.2,-0.5,-0.3,-0.3,0,0,0,0,0,0
alexaga01,0.1,0,0,0,0,0,0,0,0,0
cancero01,0,0,0,0.1,0,0,-0.2,0,0,0
ordonre01,-0.5,0.7,-0.4,0,0,0,0,0,0,0
josefe01,0.8,-0.4,0,0,0,0,-0.3,0,0,0.2
hallal02,1.1,-0.5,-0.1,0,0,0,0,0,0,0
cirilje01,3.4,4.5,1.3,-1.4,-0.3,1.4,1.6,0.8,0,0
narroje01,0.1,0.1,-0.2,0,0,0,0,0,0,0
abreubo01,5.8,5.4,6.5,3.6,3.9,2.4,2.7,3.1,1.8,1.6
hernake01,6.6,4.2,4.6,5.5,6.3,5,5.5,3.4,2.2,-0.2
servasc01,0.6,-0.3,0.1,-0.9,0.1,0,0,0,0,0
castica01,-0.7,-0.5,-2,-0.1,0,0,0,0,0,0
wagnema01,0.3,0,-0.1,0,0,0,0,0,0,0
bilarda01,0.1,-0.2,0.3,-0.4,0,0,0,0,0,0
posadjo01,3,4,5.9,3.5,4.4,4,5.4,0.2,1.6,1.3
washiul01,1.1,0.2,0.6,0.2,0,0,0,0,0,0
silveda01,-0.5,-0.2,0,0,0,0,0,0,0,0
liefeje01,-0.4,0,0,0,0,0,0,0,0,0
torreru01,-0.5,0.7,0.4,-0.2,0,0,0,0,0,0
bocachi01,-0.1,0.6,0,0,0,0,0,0,0,0
gonzare01,0.4,0.1,2.7,0.1,0.4,0.1,-0.2,0,0,0
holbera01,-0.1,0,0,0,0,0,0,0,0,0
leetr01,-0.3,1,-0.1,0,0,0,0,0,0,0
harribr01,-1.1,0,0,-0.4,0,0,0,0,0,0
lennopa01,-0.4,0.1,-0.2,0,0,0,0,0,0,0
grievto01,1.3,-1,-0.3,-0.1,0,0,0,0,0,0
blausje01,5.7,2.1,1,1,4.8,-0.6,0.8,0,0,0
burnije01,3.4,1.5,2.7,0,1.1,1.3,0.2,-0.7,0,0
lawleto01,0.1,-1.1,-0.3,0,0,0,0,0,0,0
martiru01,1.7,4.2,5.5,3.3,1.7,1.5,0,0,0,0
booneaa01,4.1,0,1.5,-0.7,0.4,-0.6,-0.3,0,0,0
frandke01,1.6,0.4,-0.5,0,0,0,0,0,0,0
spiezsc01,2.5,1.7,-0.8,-1,1.6,-0.2,0,0,0,0
pariske01,0.3,0,0,0,0,0,0,0,0,0
venabwi01,0.9,0.3,-0.3,0,0,0,0,0,0,0
wronari01,0.4,0,0,0,0,0,0,0,0,0
randajo01,1.2,1.9,3,2.7,2.1,-1,0,0,0,0
cabreev01,-0.9,0,0,0,0,0,0,0,0,0
masonji01,-0.3,-0.2,-0.4,0,0,0,0,0,0,0
ramirmi01,0,0,0,-0.6,0,0,0,0,0,0
shiplcr01,-0.2,-1.1,1,-0.6,0.7,0,0.2,0,0,0
chaveen01,0.6,0.8,0.2,0,1,-0.7,-0.8,0.4,0,0
almonbi01,-0.7,2.2,0.5,0.6,-1.2,1.6,0.3,-0.2,-0.2,0
mitchke01,4,2.7,0.3,2.6,3.7,0,0.9,-0.5,-0.5,0
dejesda01,2.2,1.9,1.2,1.6,1.5,0.7,-0.1,0,0,0
sandbry01,2.4,4.6,6.1,7.1,7,7.8,3.3,0.9,0,3.2
boggswa01,8.3,8.4,3.2,6.4,2.1,4.2,4.5,4.2,3.4,2
werthja01,3.7,4.5,4.5,1.3,0.6,4.7,4.1,-1.6,0.3,-0.7
durritr01,-0.2,0,0,0,0,0,0,0,0,0
diazbo01,2.2,-0.1,0.9,2.3,2.4,0.3,-0.8,0,0,0
brookhu01,4.7,0.2,2.5,-1.2,1.6,0.2,-1.3,-0.4,-0.7,0
kingemi01,-0.3,0,1.5,0,-2,0,0,0,0,0
gomezlu01,-1.1,-0.9,0,0,0,0,0,0,0,0
marshmi02,0.4,2.4,0.6,0.1,-0.1,0,0,0,0,0
thompja01,4.7,1.6,1,0.8,-0.2,0,0,0,0,0
penaca01,7.2,5.1,3.1,2.1,2.5,0.6,-0.5,-0.5,0,0
schuri01,1,-0.3,0,0,0,0,-0.1,0,0,0
dunnad01,1.4,0.7,-0.4,2.4,-2.9,1.4,0,0.2,0,0
hundlni01,0.1,1.8,0.2,0.5,0,0,0,0,0,0
fergujo01,1.1,4.7,2.2,2.5,0.6,0.2,0.2,-0.4,0,0
thornan01,2.7,0,-0.3,2.9,1.7,2.9,0,0.7,-1.1,0
morame01,4.3,2.1,2.1,1.9,-0.1,0,-1.1,0,0,0
weeksri01,1.9,3.5,3,-0.5,-1,0.2,-0.8,-0.1,0.3,0
gardnbr01,4,3.4,3.4,4.9,0,0,0,0,0,0
ingebr01,2.2,1,2.8,2.3,-1.1,0.6,-0.5,0,0,0
puckeki01,2.8,4.3,7.1,1.3,3.6,3.1,0,0,0,0
mordemi01,0.5,-0.6,-0.4,-0.6,-0.6,0,0,0,0,0
younger01,2.5,1.4,3.3,1.2,1.5,-0.3,0.1,-0.2,-0.6,0
lugoju01,1,0.7,0.1,-0.4,-0.8,-0.1,0,0,0,0
andermi01,0.6,-0.3,0.4,0,0,0,0,0,0,0
milleri01,0.4,2,2.7,0.9,0.5,-0.7,1,-0.3,0.3,0
sundbji01,3.6,3.9,3.4,0.5,3.1,1,1.1,0,1,0.6
ryanbr01,0.4,-0.7,-0.2,-0.1,0,0,0,0,0,0
cubbami01,0.1,-0.1,0,0,0,0,0,0,0,0
johnsho01,3.6,6.9,2.3,3.4,-1.4,0.8,-0.7,-1.1,0,0
hoffmgl01,-0.2,-0.1,0,0.1,0,0,0,0,0,0
ortajo01,1.2,0.6,2.6,0.1,-0.1,-0.5,1.7,-0.3,0.2,-0.3
bailema01,0,0,0,0,0,0,0,0,0,0
johnsla03,6.1,1.6,3.7,7.2,1.7,0,0.5,0,0,0
wallide01,0.2,0.2,0.6,1.8,1.7,3.9,1.2,0.4,0.7,-1.2
parrage01,1,-2.7,0.9,0,0,0,0,0,0,0
brumfja01,0,0.2,0,0,0,0,0,0,0,0
cantujo01,-1.6,-0.9,0,0,0,0,0,0,0,0
griffke02,3.3,9.7,9.1,6.6,4.9,5.5,1.9,-0.7,1.2,0.6
castrra01,0.7,0.4,0.8,0.4,-0.1,0.7,0.2,0,0,0
beltrca01,6.8,2.9,8.2,5.4,6.9,3.6,0.7,4.7,3.9,2.3
moranmi01,-0.2,2,3.8,-1.1,-1.2,0,0,0,0,0
cianfar01,-1,0,0,0,0,0,0,0,0,0
bernato01,2.1,3,0.2,0,0,0,-0.3,0,0,0
reynoma01,-0.4,0.7,-0.6,1.6,0.9,0,0,0,0,0
roberry01,1.3,0.1,-0.1,0,0,0,0,0,0,0
hollima01,5.9,3.9,4,2.5,3.3,0.8,0.3,0,0,0
salazlu01,0,-0.7,2.2,1.2,0.4,1.1,-0.5,0,0,0
berrada01,1.8,0.1,0.1,0.5,-0.2,0,0,0,0,0
braunst01,0.5,0.8,0.5,-0.7,0.3,0,0.5,0.4,0.4,0
nievewi01,0.3,0,-0.7,-0.5,-0.3,-0.3,0.7,-0.2,0,0
sweenma01,-0.1,-0.5,-0.2,0.9,1.9,0.1,0.6,-0.9,0,0
singlke01,3.4,5.7,4.7,5.3,4,1.2,0.6,1.9,-1.8,0
wilsobo02,0,-0.2,-0.3,0,0,0,0,0,0,0
vazqura01,0,1.5,-0.4,0,0,0,0,0,0,0
reyesgi01,0.1,0,0.9,0,0,0,0,0,0,0
salasma01,0.4,-0.9,0,0,0,0,0,0,0,0
raineti01,7.6,5.5,6.7,3.5,3.7,2.8,3.1,6.3,3.7,1.8
sosasa01,5.3,5.4,2.5,6.4,4.8,5.7,10.3,5.7,2.7,1.3
molinbe01,0.7,2.4,1.5,1,1.9,-0.5,-0.7,0,0,0
brohaja01,-0.6,-0.2,-0.4,0,0,0,0,0,0,0
cairomi01,-0.1,0,1.3,-0.5,0.8,0.2,0.3,0.3,0.7,1.6
crispco01,1.3,1.4,3.4,2.7,3.2,4.1,1,-0.7,0.4,0
willaje01,-0.1,0.1,-0.2,0,0.1,0,0,0,0,0
grebecr01,-0.1,0,1,0.3,0.9,-0.8,0,0,0,0
taverfr01,1.6,0,0.5,-0.2,-1.6,-0.5,0,0,0,0
ausmubr01,3.4,3.3,0,0.7,0.4,-0.1,0.6,-0.3,-0.3,-0.2
borgmgl01,0.8,-0.1,0.6,0,0,0,0,0,0,0
grubbjo01,3.1,1,0.4,-0.3,0,1.1,1.2,-0.1,2.6,-0.1
polanpl01,1.7,6.1,1.9,6.1,4.4,2.4,3.2,1.9,0.4,0
alomaro01,2.2,2.7,5.3,3.4,3.7,7.4,5.6,7.3,0.6,-0.1
escobal02,2.5,0.6,0.3,0,0,0,0,0,0,0
buhneja01,2.5,2.8,2.4,3.5,3.3,0.4,0.8,1.9,0.1,0
adamsmi02,0.2,0,0,0,0,0,0,0,0,0
uribejo01,-1.1,0.7,1.1,0,0,0,0,0,0,0
menecfr01,0.9,0,0,0,0,0,0,0,0,0
henderi01,9.9,6.3,4.7,6.3,8.7,9.9,4.6,5.6,5,3.5
johnsro07,-0.2,0,0,0,0,0,0,0,0,0
wilsogl01,-1.1,3.4,0.2,0,0,-0.2,0,0,0,0
lefloro01,2.5,0.8,0.5,0,0,0,0,0,0,0
whitero02,2.9,2.4,2.1,1.4,2.9,2,1.7,-1.1,-0.4,0
porteda02,2.5,4.2,7.6,2.4,1.5,2.7,3.9,1.6,2,0.8
gilesma01,0,0,0,0,0,0,0,0,0,0
bakerje03,-0.1,-1.2,0.7,-0.2,-0.1,0,0,0,0,0
mcewijo01,-0.2,-1,-0.1,0,0,0,0,0,0,0
sandere02,2,2.4,4.1,0.1,3.2,3.5,3.1,1.4,2,0.3
santira01,0.9,0.3,2.7,1.7,-0.7,1,0.6,0,0,0
hudlere01,2,-1.1,-0.5,0,0.8,1.5,2.6,0.1,-0.5,0
lakerti01,0.1,0,0,-0.2,0,0.2,0,0,0.1,0
correvi01,0.3,-0.2,0,0,0,0,0,0,0,0
lankfra01,5,5.2,6.2,3.7,1,1.1,-0.4,0,0.4,0
oatesjo01,0.1,0.3,0.2,-0.4,0.2,-0.2,0,0,0,0
gwynnto02,-0.2,0,-1,0,0,0,0,0,0,0
mientdo01,-0.5,1.1,2.2,1.4,1.2,0,0,0,0,0
gibboja01,-1.1,0,0,-0.5,-0.1,0,0,0,0,0
maddoga01,5.1,5,1.9,1.5,1.3,-0.5,1.2,-0.2,-0.1,0
benzito01,0.2,-0.6,0.1,0,0,0,0,0,0,0
roselda01,0,0.5,0,-0.6,0,0,0,0,0,0
palmeor01,-0.5,1,-0.5,0,0.2,-0.5,-0.4,0,0,0
bellja01,3.9,6.2,3.4,1.2,2,5.4,3.9,4.9,0.8,0.4
phillbr01,3,2.8,3.9,4.7,4,1.8,1.7,3.5,0.8,0.8
gatesbr01,0.9,0,0,0,0,0,0,0,0,0
oberrmi01,0,0,0,0,0,0,0,0,0,0
marreel01,0,2.3,-0.8,0.5,0,0,0,0,0,0
hosteda01,0,0,0,0,0,0,0,0,0,0
ishiktr01,0.5,-0.5,0.1,-0.5,0,0,0,0,0,0
blancgr01,1.2,1.1,-1,-0.1,0,0,0,0,0,0
bakerjo01,-1,0,0,0,0,0,0,0,0,0
roberda07,2.1,3,-1,-0.2,0,0,0,0,0,0
cervefr01,1.1,3.2,1.6,0.7,0,0,0,0,0,0
berroan01,-0.1,-0.2,-1,0,0,0,0,0,0,0
thomafr04,5.5,7.3,3.5,2.3,6,0,1.9,4.3,2.8,0.4
voigtja01,-0.7,0,0,0,0,0,0,0,0,0
samplbi01,-0.9,0.3,0.6,0,0,0,0,0,0,0
smithbi05,-0.1,0,0,0,0,0,0,0,0,0
perezed01,0.5,0.6,0,0.4,0.4,-0.3,0.4,-0.3,0,0
webstmi01,1.2,3.4,-1,1.4,-1.1,0.2,-0.3,0,0,0
ortizju01,-0.3,-0.8,1.5,0.2,-0.1,0.1,0.3,0,0,0
wardga01,1.1,2.8,-0.1,-0.7,0,-0.7,0,0,0,0
nixontr01,2.9,5.1,0.9,3.4,1.1,-1.2,0.1,0,0,0
gomesjo01,1,-0.9,0.5,1.9,1.1,-0.9,-0.7,0,0,0
tuckemi01,1.1,0.6,-0.5,0,-0.6,0.2,0,0,0,0
ramirar01,4.4,3.6,3.5,5.2,3,1.7,-0.8,2.7,5.5,0.6
richach01,0,0,0,-0.5,0,0,0,0,0,0
sierrru01,3.2,-1.7,0.2,-0.6,-1.3,-0.1,-0.2,0,-0.5,1
clarkda05,0,1.3,1.2,-0.2,0.3,0.6,-1.1,0,0,0
harlola01,-0.1,0,0,0,0,0,0,0,0,0
snydech02,0.1,0.8,-0.6,0,0,0,0,0,0,0
stockke01,1.2,0.4,0,0,0,0,0,0,0,0
peraljh01,1,2.6,3.7,1.1,3.4,5.7,1.8,-0.5,-0.3,0
oglivbe01,1.8,4.1,3,6.5,0.4,3.4,2.6,0,0.8,0.5
lopezfe01,-0.5,-0.3,3.2,0.6,-0.5,0,0,0,0,0
cruzde01,1.1,0.6,0.1,0,0,0,0,0,0,0
mcdowod01,0,0,0,0.6,0,0,0,0,0,0
lawva01,1,0.5,2.2,-0.4,0,0.1,0,0,0,0
stevele01,0.2,1,0.8,1.3,0.7,-0.6,-0.4,0,0,0
kirbywa01,-0.7,-0.4,0,0,0,0,0,0,0,0
snydeco02,1.2,-0.9,-1.1,0,0,0,0,0,0,0
daultda01,-0.1,3.9,-0.2,6.9,5,2.5,2,-0.1,2.3,0
barmecl01,2.2,1.1,3.2,1.2,1,0.6,0.3,0,0,0
bellde01,2.7,5.4,-1.4,1.7,-1.2,0,0,0,0,0
turneju01,3.9,5,5.7,0,0,0,0,0,0,0
encarju01,0.1,0.2,0.6,1,0.1,0,0,0,0,0
hornsa01,0.6,0,-0.1,0,0,0,0,0,0,0
encared01,1,5,4,3.6,4.7,3.7,2.8,0,0,0
saltaja01,2.9,0,0.5,-0.2,-0.6,0,0,0,0,0
ramosbo01,0.1,0,0,0,0,0,0,0,0,0
liebemi01,2.4,0.1,2.9,2.8,0.6,0,1,-0.3,0,0
justida01,3.8,2.2,3.8,2.1,3.1,5.1,0.5,1.6,0,0
peterri01,0,0,0,0,0,0,0,0,0,0
teagata01,-0.3,-0.2,0,0,0,0,0,0,0,0
readyra01,0.7,0.3,1.3,0.1,0,0.6,-0.3,0,0,0
foleyma01,-0.3,0,0,0,0,0,0,0,0,0
hairsje01,0,0,0.2,0.2,1.3,1,0.4,0.6,0.4,-0.1
rodrise01,0.2,-0.1,1.8,-0.4,0,0,0,0,0,0
erstada01,6.4,0.9,2.8,2.1,0,0.6,0,-0.9,0,0
thompry01,0,-0.2,0.2,-0.3,0.3,0,0,0,0,0
delluda01,-0.1,0,2.5,0.8,-0.3,-0.1,-0.6,0,0,0
osikke01,-0.5,1,-0.4,-0.1,0,0,0,0,0,0
snowjt01,0.7,1.8,0.8,0.9,-0.4,2,3.3,0.5,-0.3,0
puntoni01,0.5,2.4,0.6,1.8,1.5,0.8,2.1,0.4,0,0
jamesch02,-0.1,1.7,1.2,0.3,0,0,0,0,0,0
abreuto01,-0.1,-0.1,0,0,0,0,0,0,0,0
rowanaa01,5.1,0.6,0.9,0.4,0.5,0,0,0,0,0
hanigry01,-0.2,1.3,0.7,-0.9,0,0,0,0,0,0
piefe01,-0.4,0,0,0,0,0,0,0,0,0
livinsc01,-0.9,-0.9,0,0,0,0,0,0,0,0
felizpe01,1.8,2.3,0.6,1.2,-2.4,0,0,0,0,0
brignre01,-0.6,-0.2,-0.1,0,0,0,0,0,0,0
vailmi01,-0.3,0,0.4,-0.3,0,0,0,0,0,0
vanslan01,3.5,4.3,3.6,6,1.1,0.5,0,0,0,0
lovulto01,0.1,0,-0.7,0,-0.1,-0.2,0,0,0,0
cedenan01,-1.8,0,0,0,0,0,0,0,0,0
whitalo01,6.7,4.3,4.5,4.4,3.6,3.5,5.3,3.8,6.7,4.7
sardida01,-0.7,0,0.2,0,0,0,0,0,0,0
pridija01,0.1,-0.2,0,0,0,0,0,0,0,0
mckayda01,1,-0.8,0,0,0,0,0,0,0,0
mosebll01,2,4,1.9,1.4,1,0.5,0,0,0,0
sandede02,1.3,0,0.1,0,0,0,-1,0,0,0
deazaal01,0,0.8,0.9,-0.4,-0.1,0,0,0,0,0
quinlto01,-0.2,0,0,0,0,0,0,0,0,0
howarda02,0.1,-0.1,-0.3,0,0,0,0,0,0,0
hendrge01,5.8,2.6,2.8,3.9,2.7,1.3,3.1,1.1,-2,0.9
gilkebe01,8,2.3,-0.6,0.9,-1.1,-0.3,0,0,0,0
matthga01,2.7,4.3,1,2.5,2.2,0.1,3.2,0.5,0.1,-0.8
kieltbo01,0,0,0,0,0,0,0,0,0,0
samueju01,0.9,0.5,2.6,-0.1,-0.7,1.3,-0.2,0.4,0.3,-0.5
mearepa01,0.2,0.3,-1.7,0,0,0,0,0,0,0
skinnjo01,-0.1,0.5,0.3,0,0,0,0,0,0,0
garciki01,-0.3,0.6,0.2,0,0,0,0,0,0,0
nieveme01,-0.1,0,0,0,0,0,0,0,0,0
philljr01,-0.1,0,0,0,0,0,0,0,0,0
belleal01,6.9,5.6,1.5,7.1,3.4,0.6,0,0,0,0
anderga01,1.9,2.7,5.1,4,2,0,-0.4,1.8,0.9,-1.4
hernami01,0,0,0,0,0,0,0,0,0,0
bochybr01,0.2,0.6,1.3,-0.7,0,0,0,0,0,0
pascuva01,0,0,0,0,0,0,0,0,0,0
stubbfr01,2.8,0.2,0.1,0,0,-0.2,0,0,0,0
gonzaal02,1,0.6,1.1,2.1,0,-0.9,5.1,1.5,0.2,-1
yountro01,7.1,4.9,10.5,7.2,5.9,1.9,2.9,3.3,5.7,5.8
jahajo01,0,4.6,-0.1,-0.7,0,0,0,0,0,0
doylede01,-0.2,0.1,0,0,0,0,0,0,0,0
huffmi01,0.3,-0.3,0,0,0,0,0,0,0,0
knighra01,2.4,1.3,3.1,3.1,-1.1,-0.4,2.3,0.5,-1,0
murphdo01,0.7,-0.3,-0.3,1.1,-0.3,0,0,0,0,0
saundmi01,-0.1,1.3,-0.8,0,0,0,0,0,0,0
bruceja01,-1.1,0.8,0.6,2.9,0,0,0,0,0,0
dwyerji01,-0.2,0.6,-0.1,1.2,1.1,0.2,1.1,0.7,1.5,0.4
matoslu01,-0.2,0,0,0,0,0,0,0,0,0
hawpebr01,-0.4,-0.4,0,-0.3,0,0,0,0,0,0
munozpe01,-0.8,0,0,0,0,0,0,0,0,0
rivaslu01,0,-0.1,-0.6,0,0,0,0,0,0,0
vizquom01,1.4,3.3,3.5,3.3,6,2.8,-0.2,3,2,4
helmswe01,-1.8,0.9,1.7,-0.7,-0.1,-0.2,-0.9,-0.6,0,0
moliniz01,0,0,0,0,0,0,0,0,0,0
santafp01,0.2,0,0,0,0,0,0,0,0,0
tollewa01,-0.2,0.2,-0.3,0,0,0,0,0,0,0
martira03,-0.1,-0.8,-0.5,-1.2,-0.2,-0.6,0,0,0,0
sanchre01,0.3,1.9,3.5,2.3,3.4,1.4,0.1,1.5,-0.4,0
johnswa03,0,0.7,0.4,0.1,0,0,0,0,0,0
willied01,0,0,0.8,-0.3,-1.3,-0.4,-0.4,0,0,0
lewisfr02,-0.3,0,0,0,0,0,0,0,0,0
wisede01,-0.7,0.2,0.1,0.8,0,-0.4,0.7,-0.2,0,0
devermi01,1.9,-1.3,2.2,-0.3,-0.1,0.2,0,0,0,0
aguaylu01,-0.3,0.6,-0.3,-0.2,0,0,0,0,0,0
bellge02,5,0.8,3,1,1.4,-0.2,-2.5,0,0,0
ozunapa01,-0.2,-0.8,-0.6,0,0,0,0,0,0,0
mooread01,0,-0.1,0,0,0,0,0,0,0,0
tartada01,0.9,4.4,4.1,3.5,1,-0.7,0.6,-0.1,0,0
breamsi01,-0.2,2.7,0.2,0.9,1,0.4,0,0,0,0
dejesiv01,1.9,-1.3,1.3,1.1,0.6,-0.1,-0.2,-0.2,-0.2,0
gonzafe01,-0.1,-1.6,0,0,0,0,0,0,0,0
bradlph01,2.9,0.6,0,0,0,0,0,0,0,0
dunstsh01,1.8,0.4,0.1,-0.2,0.6,1.3,1.2,-0.9,0.1,0.3
soriaal01,1.6,6.1,4.3,2,-1.6,0.8,-0.2,1.8,2.5,-1.4
guilloz01,2.1,0.2,1.9,0.8,-0.4,-0.8,-1.1,0.8,-0.5,1.1
olmedra01,0,0,0,-0.1,0,0,0,0,0,0
caminke01,0.4,3.8,3.2,7.6,4,2.7,1.2,1.5,-0.7,0
hudsoor01,2.1,4.1,2.8,0.7,0.2,0,0,0,0,0
bellbu01,4.4,6.9,6.5,6.2,5.7,4.7,6.1,0.9,3.5,1.8
roystje01,1.7,-0.2,-0.7,1.6,0.6,-0.3,2.3,1,0.2,-0.7
jasojo01,1.6,0.9,1,-0.4,0,0,0,0,0,0
gilesbr01,0,0,0,0.9,0,0,0,0,0,0
milnejo01,1.7,0.8,1.4,0.1,0.4,-0.1,0,0,0,0
duncama01,-0.3,1,0.1,0.4,-0.1,2.7,-1.1,0,0,0
knoblch01,6.7,2.8,3.5,0.3,0.9,-0.7,0,0,0,0
coraal01,1.5,1.6,0.4,0.6,0.8,0.6,-0.8,-0.2,0,0
fasansa01,0.1,0,0,0.8,-0.3,-0.1,0,0,0,0
danieka01,-1.1,0,0,0,0,0,0,0,0,0
rossda01,0.6,2,1.2,1.1,0.9,0.7,-0.3,-0.1,1.8,0
hayesch01,0.8,1.9,0.4,0.5,1.3,-0.7,0.3,-0.3,0,0
kusiccr01,0.2,0,0,0,0,0,0,0,0,0
gilbe01,0,0.6,1.4,0.9,-0.7,0,0,0,0,0
oestero01,-0.7,3.7,1.7,-0.1,0.6,0.1,0,0,0,0
thompda01,-0.7,0,0,0,0,0,0,0,0,0
martije01,-1.2,-0.9,1.7,-0.3,-0.7,0,0,0,0,0
clarkbr02,0.5,-0.4,0,0,0,0,0,0,0,0
janispa01,0,0.2,-0.1,-0.7,0,0,0,0,0,0
martino01,0.3,0,0,0,0,0,0,0,0,0
clarkbo04,-0.5,0,0,0,0,0,0,0,0,0
tolmati01,-0.1,0,0,0,0,0,0,0,0,0
hendest01,1,0.6,0.4,-0.7,-0.1,0.1,0,0,0,0
webbbr01,0,0,0,0,0,0,0,0,0,0
davisbu02,0,0,0,0,0.1,-0.1,0,0,0,0
landrke01,3.1,-1.3,2.1,0.8,-0.5,0,0,0,0,0
beckeri01,1.4,0.8,0,0,0,0,0,0,0,0
reedje02,0.3,0.4,-0.3,0.7,-0.9,0.8,1,2.1,1.5,0.2
friaspe01,-0.9,-1.8,-0.2,0,0,0,0,0,0,0
templga01,2.6,1.4,0.7,3.2,-0.8,1,1.8,0.5,-0.2,-1.3
wietema01,0.8,1.7,-0.6,0,0,0,0,0,0,0
bellda01,3.3,3.2,0.2,4.4,0.9,1.4,0,0,0,0
langery01,0.5,0.2,1.2,-0.6,-0.2,0,0,0,0,0
stankan01,-0.6,0,0,0,0,0,0,0,0,0
dobbsgr01,-1.1,-0.3,-2.1,-0.2,-0.6,0,0,0,0,0
barrema02,0.7,0.4,-0.2,-0.1,0,0,0,0,0,0
grievbe01,0.5,-0.5,0,0,0,0,0,0,0,0
guerrwi01,-0.7,0,-0.1,0,0,0,0,0,0,0
nichore01,0.1,0.9,0,0,0,0,0,0,0,0
durhale01,0.5,1.4,0,-0.3,0,0,0,0,0,0
ryalma01,0,-0.1,-0.3,0,0,0,0,0,0,0
lairdge01,1.5,-0.6,-0.2,0.1,0.6,-0.5,-0.1,0,0,0
suttola01,0,0,0,0,0,0,0,0,0,0
melhuad01,-0.1,-0.1,-0.1,0,0,0,0,0,0,0
hammoje01,2.2,2.2,0.7,-0.6,0.2,-0.1,-0.3,0,0,0
manrifr01,1.2,0.6,1.1,-0.2,-0.1,0,0,0,0,0
ankieri01,0,0,1.2,2,0.4,0.5,1.7,-0.7,-0.5,0
mcraebr01,3.7,2.1,2.6,-2.4,0,0,0,0,0,0
johnsma02,-0.1,0,0,0,-0.1,0,0,0,0,0
mauerjo01,5.9,1.5,4.3,5.3,2.1,1.5,2.3,3.4,0,0
leema02,0.5,3.2,1.6,0.8,0,0,0,0,0,0
hubbagl01,2.8,3.3,1.1,3,2,0.3,0,0,0,0
nolanjo01,-0.7,-0.3,0.8,1,0.1,0.9,0.4,-0.4,0,0
banksbr01,0.1,-0.3,0,0,0,0,0,0,0,0
simmsmi01,-0.2,-0.4,1.4,0,0,0,0,0,0,0
vottojo01,6.6,1.9,7.6,4,7.5,0,0,0,0,0
andinro01,2.3,0.2,-0.3,0,0,0.1,0,0,0,0
cordewi01,1.4,0.7,-0.5,-0.8,0.4,0.4,-0.3,-0.8,0,0
daughja01,-0.4,0,0,0,0,0,0,0,0,0
sadledo01,-0.3,0,0,0,0,0,0,0,0,0
cartejo01,1.7,-1.8,4.7,2.5,2,0.6,-0.2,-0.5,-0.8,-1
kinslia01,2.4,5,5.7,6,6.1,2.1,0,0,0,0
lopezjo01,0.8,-0.3,0.2,0,0,0,0,0,0,0
maiermi01,-0.8,0,0,0,0,0,0,0,0,0
mckeewa01,-0.2,0,0,0,0,0,0,0,0,0
whiteje01,0.8,0,-0.2,0.2,0,0,-0.2,0,0,0
martite01,0,0.1,0.1,-0.5,0,0,0,0,0,0
colesda01,-0.3,-1.4,-0.2,0.8,-0.8,-0.3,-0.4,0,0.1,0
dickech01,0,0,0,0,0,0,0,0,0,0
rossco01,2.4,1.8,0.1,2,2.5,-0.9,-0.4,0,0,0
cruzne02,1.4,0.7,2.1,4.6,5.2,4.7,4.1,0,0,0
valenjo03,2,0.1,4.9,3,3.3,4,1.8,-0.2,3.6,-0.1
feldemi01,1.7,1.1,-1,-0.5,0,0,0,0,0,0
tysonmi01,-1.7,-0.1,-0.7,-0.8,0,0,0,0,0,0
hurdlcl01,-0.4,0,-0.3,-0.3,0,0,0,0,0,0
stantle01,-1.6,3,-1.4,0,0,0,0,0,0,0
fermife01,-1,0.4,-1.7,-0.3,0,0,0,0,0,0
lansfca01,4.1,0.6,4.1,5.2,3,4.6,0.9,-0.4,2.6,0
ellsbja01,5.7,3.3,1.9,2.8,1.7,0,0,0,0,0
vitiejo01,0,0,0.9,0,0,0,0,0,0,0
ariasjo01,1,0.7,-0.4,0,0,0,0,0,0,0
levisje01,0.1,-0.4,0,-0.1,0,0,0,0,0,0
johnsru01,0,0,-0.2,0,0,0,0,0,0,0
johnske05,1.7,1.8,1.2,0.5,0.3,0.4,0,0,0,0
wathajo01,2.1,-0.2,-0.9,0.7,0,0,0,0,0,0
drewjd01,8.3,3.2,4,2.1,2.6,4.4,3.1,-0.9,0,0
ramiral03,3.1,1,-2.3,0,0,0,0,0,0,0
reitzke01,1.2,-0.3,-0.7,-0.8,-0.2,0,0,0,0,0
burrepa01,1.1,1.5,2.4,-0.8,1.8,1,0,0,0,0
obriech01,-0.2,1.4,0.8,0.8,0.6,1.7,1.8,0.6,-0.8,-0.2
cartega01,6.5,3.8,8.6,7.1,7.4,6.9,3.5,1,0.1,-0.3
guzmacr01,-1.4,0,1.2,4.6,1.6,-1,0,0,0,0
worthcr01,0,0.5,0.1,0,0,0,0,0,0,0
teufeti01,0.9,0.3,1,0.6,0.5,0,0,0,0,0
dauerri01,2,0.2,0.9,0.3,0,0,0,0,0,0
swishni01,3.7,2,3.8,3.6,-1.2,-1.2,0,0,0,0
kotchca01,-0.8,3.6,-0.9,-0.7,0,0,0,0,0,0
jonesja04,0.7,1.2,0.4,-1.9,0,0,0,0,0,0
damonjo01,2.4,4.8,3.4,4.2,4,3.4,2.7,4.1,4.2,3
garcije01,-0.1,0,0,0,0,0,0,0,0,0
johnsre02,0.7,-0.4,1.2,0.3,-0.1,-0.6,-0.3,0,0,0
wittke01,0,0,-1,0,0,0,0,0,0,0
scottlu01,0.4,0.3,0.3,0,0,0,0,0,0,0
mazzile01,-0.1,0.9,0.4,1.1,1,1,-1.2,0.9,0,0
fieldce01,3.7,2.7,0.6,1.9,0.6,0.9,0.8,-0.9,0,0
chavera01,0.1,0.1,-0.7,-0.5,0,0,0.5,1,0,0
moralke01,2.1,2.6,-1,2.4,0.9,-0.2,0,0,0,0
leede02,2.9,2.7,7.7,0.8,3.5,1.9,5.4,1.5,0.7,0
santibe01,1.2,0.7,1.4,1.6,2.9,0.8,0,0.8,-0.2,0.4
kusnyar01,-0.2,0,0,0,0,0,0,0,0,0
mackoro01,0.7,-0.6,0,0,0,0,0,0,0,0
morsemi01,3.4,0.7,-1.8,1.1,-0.3,-0.2,-0.5,0,0,0
castivi02,3.1,5.6,0.7,-0.3,1.3,-1,1.8,3.1,0.8,-1.1
kingsge01,0.6,-0.6,0,0,0,0,0,0,0,0
reynoha01,4.3,4.8,2.6,0.9,1.7,-0.8,0,0,0,0
greenni01,-0.2,0,-0.2,-0.1,0,0,0,0,0,0
jacobmi02,0,-0.2,0,0,0,0,0,0,0,0
cintral01,-1.5,-1.2,-0.6,0,0,0,0,0,0,0
stegmda01,0.3,0,0,0,0,0,0,0,0,0
biittla01,-0.7,0.7,-0.9,0,-0.7,-0.5,0.6,-0.1,0,0
javiest01,4.3,-0.4,1.3,1.3,3.4,3.5,1.9,3.6,1.9,-0.5
sotoge01,1.7,-0.5,1.5,0.2,1,0.4,0,0,0,0
owenser01,-0.9,1.5,-0.6,0,0,0,0,0,0,0
milesaa01,-1.7,0,0.4,0,0,0,0,0,0,0
lemkema01,0.7,1.4,1.2,1.2,0.1,0,0,0,0,0
owenla01,0.3,0.1,0,0,0,0,0,0,0,0
dyeje01,1.4,-1.8,1.4,2.5,4.6,-1.6,2.8,0.2,0,0
harriwi01,2.1,2.9,0.1,-0.7,-1.2,-0.6,0,0,0,0
varitja01,3,4,3.9,0.8,2.3,0.6,1.5,0.7,0.9,0
rileser01,0.4,0.1,-0.4,0,0,0,0,0,0,0
whitefr01,1.6,1.9,1.3,3.7,1.6,4.1,2.5,4,2.8,0.5
lemasjo01,0.4,-2.3,0.9,-1.3,-1.2,0,-0.4,0,0,0
adamsgl01,-1.7,-0.5,0,0,0,0,0,0,0,0
carrch02,0.8,0.6,0,0,0,0,0,0,0,0
rivermi02,0.1,0.5,0.2,-0.2,0,0,0,0,0,0
tatisfe01,-1.6,0,0,0.1,0,1.3,1.5,0,0,0
pendlte01,0,6.1,5,2.3,0.1,1.9,-1.4,-0.1,-0.7,0
roeniga01,5.1,1.9,1.1,1.2,-0.4,0.4,-0.3,0,0,0
belliro01,3.4,4.5,1.5,2,1.4,1.2,-0.4,0,0,0
liriane01,0.6,0.7,0,-0.9,-0.1,-0.6,0,0,0,0
mizerjo01,-0.1,0,0,0,0,0,0,0,0,0
hermije01,0.2,0.3,0,0,0,0,0,0,0,0
luzingr01,2.4,4.2,5.2,-1.3,0.4,2.7,2.4,2.3,-0.4,0
harrivi01,-0.6,0,0,0,0,0,0,0,0,0
bellhma01,-0.1,3.7,0.5,0.9,-0.1,0,0,0,0,0
rasmuco01,2.6,2.2,1.2,0,0,0,0,0,0,0
bushra01,1.3,-0.2,0.1,0.9,-1.1,-0.4,0,0,0,0
barkeke01,0,0,0,0,-0.1,0,0,0,0,0
heepda01,0.5,0.7,-1,0.4,0.3,-0.8,0.2,0,0,0
jensema01,-0.4,0,0,0,0,0,0,0,0,0
berryse01,1.3,0,2.5,-2.1,-0.8,0,0,0,0,0
hoilech01,3.3,2.5,2.1,1.5,0,0,0,0,0,0
lemonch01,4,3,6.2,6.2,4,2.8,3.8,2.6,-0.4,2.4
blackti01,3,0.1,-0.4,-0.5,0,0,0,0,0,0
hyzduad01,-0.1,0,0,0,0,0,0,0,0,0
lopesda01,4.9,4.7,1,0.7,1.3,2.8,1.4,1.8,2.6,0.2
cruzja01,0.2,0,-0.1,0.2,0,0,0,0,0,0
oquenjo01,5.4,0.9,2,0.1,0.4,0.8,1.2,0,0,0
mccraqu01,-0.4,1.8,-1.7,-0.1,-0.1,-0.1,0,0,0,0
iviemi01,1.2,2.5,2.8,-0.2,0.1,0,-0.2,0,0,0
grossga01,-0.2,0,0,0,0,0,0,0,0,0
quintom01,-0.4,0.2,-0.8,-0.1,0,0,0,0,0,0
schrobi01,-0.3,0.2,0,0,0,0,0,0,0,0
jacksch03,0,0,0,0,0,0,0,0,0,0
lockhke01,0.1,-0.4,0.6,-0.1,0,0,0,0,0,0
bourgja01,0.3,-0.5,0,0,0,0,0,0,0,0
cruzjo02,3.1,1.7,0.7,0.6,1,-0.5,0,0,0,0
poqueto01,-0.2,0,-0.7,-0.7,0,0,0,0,0,0
cabelen01,2.8,-0.3,-0.3,-1.4,-0.2,3.2,1.3,1.2,-0.5,0
pecotbi01,0.4,0.4,0.3,0,0,0,0,0,0,0
jeterde01,5.2,3.7,3.6,4.2,3.8,5.5,3.9,3,6.5,1.7
newmaje01,-1.1,-0.3,-0.3,0,0,0,0,0,0,0
lewisma01,-0.3,-1.1,-0.3,-0.5,-0.3,0,0,0,0,0
kempma01,2.4,0.4,1,0.6,0,-1.3,0,0,0,0
mieskma01,0.7,-0.7,0,0,0,0,0,0,0,0
boonebo01,3.6,3.4,0.3,-1.2,3.5,1.8,-0.9,1.8,1.7,1.1
ariasal01,0.6,0.2,-0.6,0.1,-0.1,0,0,0,0,0
perryhe01,2.8,0.4,2,-0.3,-0.1,0,0,0,0,0
leeca01,1,3.1,2.3,2.8,1.8,-2.2,4,-0.3,0,0
mcgeewi01,2.8,0.1,5.2,2.9,1.9,2,0.4,0.5,0.9,0.7
zoskyed01,0,0,-0.1,-0.1,0,0,0,0,0,0
princto01,-1,0,0.1,0.3,0.8,0.2,-0.1,0,0.7,0.8
sheetla01,-1,0,0,-0.2,0,0,0,0,0,0
ledeeri01,1.2,0.8,-0.2,-0.1,0,0,0,0,0,0
fieldpr01,4.6,4.7,1.9,-0.2,1.9,-1.4,0,0,0,0
coleal01,-0.3,0,0,0,0,0,0,0,0,0
downibr01,5.6,0,1.1,5.6,1.3,3,2.8,4.3,4,3
melvibo01,-0.2,0.3,-0.9,-0.4,0,0,0,0,0,0
scottto01,1.1,0.9,1.9,-0.1,-0.2,0.2,0,0,0,0
surhobj01,2.3,0.4,2.9,3.1,3.5,1.4,5.1,2.9,0.6,0.4
roberbr01,4.2,5.2,2.9,1.2,0.1,-1.1,0.8,1.5,0,0
martivi01,0.6,3.5,3.6,3.2,0,1.4,5.5,-1.6,1.6,-0.6
pagemi02,-0.2,0.2,0,0,0,0,0,0,0,0
mohrdu01,-0.4,0,0,0,0,0,0,0,0,0
bumbral01,0.4,2.9,6.1,1,1.5,0.7,0.5,-0.1,0,0
smithdw01,-0.2,-1.1,0,0,0,0,0,0,0,0
lacocpe01,0.9,0.4,-1.3,0,0,0,0,0,0,0
pearcst01,0.6,5.9,-0.4,2.3,0,0,0,0,0,0
petitgr01,0.8,-0.5,-0.1,0,0,0,0,0,0,0
engleda01,0.1,0,-0.1,0,0,0,0,0,0,0
rivermi01,6.4,5.3,3.5,1.8,3.4,2.1,-0.4,0.6,0.5,0
sanchga01,-0.5,0,0,0,0,0,0,0,0,0
loducpa01,3.2,1.2,2.4,0.2,-0.8,0,0,0,0,0
penabr01,0.5,-0.4,0.4,-0.5,0.4,-0.2,0,0,0,0
morrijo07,-0.3,0,0,0,0,0,0,0,0,0
abbotku01,-0.7,-0.4,0.2,0,0,0,0,0,0,0
schumsk01,0.6,0.9,-1.4,-1.1,-0.8,0,0,0,0,0
coomero01,-0.7,-0.7,0.3,0,0,0,0,0,0,0
gilge01,-0.2,0,0,0,0,0,0,0,0,0
castrju01,-2,0.1,1.7,-0.3,0.8,0.5,-1,-1.3,0.3,-1.8
bentobu01,0,-0.5,0,0,0,0,0,0,0,0
papist01,-0.3,0.1,0,0,0,0,0,0,0,0
pierzaj01,0.2,2.3,2.1,1.3,0.9,1.5,1,0.5,3.1,1.6
kentje01,4.5,3.5,7.2,5.2,7,2.8,3.9,3.7,0.7,2.1
fordda01,1.8,0.7,1.1,0.1,-0.8,0,0,0,0,0
hockide01,-0.6,1,0.2,0.1,0.6,-1.1,0.2,0,0,0
cruzju01,2.5,2.6,-0.1,-0.2,0,0,0,0,0,0
milneed01,1.8,1,-0.1,0,0,0,0,0,0,0
metzgro01,0.8,-0.1,-1.7,0.9,-0.6,0,0,0,0,0
picciro01,0,-0.3,-0.3,0,0,0,0,0,0,0
bannial01,1.3,0.1,1.2,-0.5,0.4,0.1,0,0,0,0
woodstr01,-0.4,0,0,0,0,0,0,0,0,0
greenkh01,-0.8,0,0,0,0,0,0,0,0,0
evansni01,0.2,0,0,0,0,0,0,0,0,0
chapmke01,-0.6,0,0,0,0,0,0,0,0,0
zuvelpa01,-0.7,0.2,0,-0.1,0,0,0,0,0,0
bayja01,5.2,1.8,0.9,-1.1,0.4,0,0,0,0,0
wardda01,-0.5,-0.7,0.8,0.6,-0.2,0,0,0,0,0
guilljo01,4.9,3.1,3.6,-0.9,3.5,-0.5,-2,-0.4,0,0
mcintti01,-0.1,0,0,0,0,0,0,0,0,0
ziskri01,2.7,1.4,0.9,0.6,1.7,2,0,0,0,0
jonesly01,-1,-0.8,0,0,0,0,0,0,0,0
grubeke01,4.2,1.9,0.1,0.3,0,0,0,0,0,0
gonzaju02,-0.2,0,0,0,0,0,0,0,0,0
meulehe01,0,0,0,-0.1,0,0,0,0,0,0
perezne01,-2.1,1.1,0.2,2.4,0.5,-0.2,0,0,0,0
tinglro01,-0.1,-0.1,0,0.4,0.7,-0.3,-0.7,0.8,0,0
mitchke02,0,-0.2,0,0,0,0,0,0,0,0
dawsoan01,7.9,6.8,2.9,2.1,2.3,4,4.8,2,2.2,2.9
joynewa01,1.3,2.7,1.4,2.2,2.8,3.7,2,0.5,0.2,-0.1
spilbry01,-1.6,0,0,0,0,0,0,0,0,0
davisru01,-0.6,-0.1,0,0,0,0,0,0,0,0
amezaal01,1.8,-0.3,0,-0.9,0,0,0,0,0,0
credejo01,4.8,0.4,2.4,2.3,0,0,0,0,0,0
smithja05,0,0,-0.7,0,0,0,0,0,0,0
flowety01,0.8,0.3,2.2,0,0,0,0,0,0,0
olerujo01,2.2,2.5,4.1,7.6,5.6,3.6,5.2,5.1,2.7,1.1
pauliro01,-0.3,-0.4,0,0,0,0,0,0,0,0
burleri01,2.4,4.5,0,-0.3,-0.1,0,0.9,-0.5,0,0
zeileto01,-0.6,1.1,2,2.5,2.1,2.3,0.8,0.7,0.3,-0.4
martean01,0,0,0,-0.2,0,0,0,0,0,0
martial03,-0.9,1.9,0.5,1.1,0,-0.6,0,0,0,0
perryge01,-0.2,0.2,0.7,-0.4,0.9,0.8,-1,0,0,0
vinafe01,-0.1,3.2,2.5,0.5,-0.6,0.5,0,0,0,0
berroge01,1.9,2.2,1.6,-0.8,-0.1,0.1,0,0,0,0
galaran01,-0.8,-0.3,3.5,2,1.1,4.2,3.8,5,0,1.1
merlolo01,0.7,0,-0.3,0,0,0,0,0,0,0
walketo04,2.3,1.1,0.7,1.7,0.7,-0.2,0,0,0,0
kennead01,3.9,0.9,-1.4,2.5,1.1,0.6,0,0.3,0,0
griffke01,2.5,3.8,2.8,0.6,2.5,0.5,2.1,2.2,1.4,-1.3
wilsoen01,-0.4,-2.1,-0.3,0,0,0,0,0,0,0
landera01,-0.4,-0.7,0,0,0,0,0,0,0,0
alomasa02,2.1,1.3,1,3.9,-0.2,0.5,0.6,0.2,0.5,0.3
terreje01,0.3,-0.1,0,0,0,0,0,0,0,0
avilemi01,0.3,-1.3,-1.3,-0.1,0,0,0,0,0,0
winnra01,4.2,3.7,1.7,2.7,4,1.3,-0.8,0,0,0
kiescbr01,0,1.4,0.7,0,0,0,0,0,0,0
sveumda01,-0.8,-0.3,-0.2,0,0.5,-0.1,-0.8,0.3,0,0
garcida01,1.9,1.5,-0.8,0,-0.7,-0.3,0,0,0,0
cruzhe01,-0.4,0.2,0.1,-0.1,0,0,0,0,0,0
amaroru02,0.2,-0.9,0,0,0,0,0,0,0,0
lindjo01,-1,-0.3,-0.7,0,0,0,0,0,0,0
ceronri01,-0.2,-1.2,-0.6,0,-0.4,1.3,0.8,0.9,0.7,0.9
baylodo01,2.9,0.4,1.6,3.7,-1.5,1.4,0.6,3.5,3,0.6
housepa02,-0.7,0,0,0,0,0,0,0,0,0
alicelu01,1.2,2.3,1.1,2.9,1.8,0.1,1.1,0.3,-0.1,0
washiro01,0.2,1.3,0.5,0,-0.2,0.1,-0.1,0,0,0
treanma01,-0.4,0.4,-0.4,0,0,0,0,0,0,0
kearnbo01,1.3,1.1,0,0,0,0,0,0,0,0
nadyxa01,0.4,0.6,3.5,-0.1,-1,-0.3,-0.8,0,-0.2,0
stewaia01,0,-0.8,0,0,0,0,0,0,0,0
gwynnto01,3.4,2.5,2.9,5.6,4.6,3.1,4.2,2.3,2.3,4.3
murphda07,3.7,0.2,-0.7,0,0,0,0,0,0,0
snellch02,0.2,0,0,0,0,0,0,0,0,0
eisenji01,-0.5,3.1,1.2,-0.1,0.7,2.5,1.4,2.8,2.9,0.3
nokesma01,2.6,0.3,0.6,0.5,-0.6,0,0,0,0,0
lagami01,-1.1,0.1,0.1,0,0,0,0,0,0,0
parrila02,4.7,2.8,3.8,3.1,0.4,1.1,1.7,4.5,1.3,0.3
napolmi01,1.8,4,3.3,1.1,1,-0.4,0,0,0,0
krencwa01,0.9,-0.4,0,0,0,0,0,0,0,0
pryorgr01,0.6,-0.4,0.6,-0.6,-0.7,0,0,0,0,0
hatchbi01,2,-0.8,-2.8,1.9,-1,-0.1,0,0,0,0
stanlmi02,1.3,4.8,3.5,3,2.5,1.6,2.1,1.9,0.4,0
perezti01,-0.2,0.5,0,0,0,0,0,0,0,0
donnech01,0,0,0,0.3,-0.1,-0.1,0,0,0,0
hamilda02,0.3,1.1,0.7,0.5,4.6,0.3,0.1,-0.4,0,0
riverbo01,0,-0.2,0,0,0,0,0,0,0,0
whitema01,3.5,-0.1,1.8,-0.3,0.1,0,0,0,0,0
wardtu01,-0.2,1.1,1.2,0.2,-0.4,-0.1,0,0,0,0
snidetr01,2.1,0.9,0,0,0,0,0,0,0,0
hassero01,0.5,1.6,2.9,-0.6,1.7,0.2,0.6,0.1,0,0
gracema01,2,5,3.8,4.2,2.7,3.7,3.1,2.4,0.7,-0.9
offerjo01,2.5,1.9,5.3,2.8,0.8,1.5,0.4,0,0.2,-0.3
martida01,0.9,0,-0.5,2.2,4.8,3,0.5,0.4,0.5,0
escobyu01,3.2,-0.3,1.9,1.6,0.4,0,0,0,0,0
renteed01,4.2,5.6,2.1,1.4,4.1,4.1,1.1,-1.4,0.6,0.7
bogarti01,0.5,-1.3,0.3,0,0,0,0,0,0,0
mcdonda02,1.1,0.3,0.2,0.2,0,0,0,0,0,0
sheffga01,2.1,2.2,5.9,2.6,3.4,3.2,6.1,4.4,4.4,6.8
ardoida01,-0.7,0,0.3,0,0,0,0,0,0,0
nevinph01,5.8,1.5,0.5,3,-1.1,-0.4,0,0,0,0
barremi01,1.5,2,2.4,-0.8,-0.2,0,0,0,0,0
milleco01,0.1,-0.2,0,0.1,0,0,0.5,0,0,0
polidgu01,0,0,-0.1,0,0,0,0,0,0,0
kommibr01,1.5,0.7,-0.3,0,0,0,0,0,0,0
churcry01,-0.2,0,0,0,0,0,0,0,0,0
owensp01,0.5,1.3,2.5,2.1,0.7,1.8,-0.7,0,0,0
tarasto01,-0.5,0,0,0.7,0,0,0,0,0,0
dorsebr01,0.1,0.1,0,-0.4,0,0,0,0,0,0
gonzajo02,-0.7,-0.4,0,0,0,0,0,0,0,0
echevan01,0.6,0,0,0,0,0,0,0,0,0
gipsoch01,0.1,0,0,0,0,0,0,0,0,0
markani01,1.7,0.1,2,1.9,1.7,0.7,0,0,0,0
patteco01,4.2,1.7,-0.1,-0.3,1.3,-0.9,0,0,0,0
spande01,3.7,0.8,1,-1.1,0,0,0,0,0,0
larocan01,0,0,0,0,0,0,0,0,0,0
pujolal01,8.7,9.2,9.7,7.5,5.3,4.8,1.5,3.9,3.1,1.4
gonzalu01,2.6,1.9,2.3,6.4,4.2,7.9,3.3,3.1,1.5,2.6
ruggiju01,0.1,-0.4,0.1,0.2,-0.8,0,0,0,0,0
fontemi01,0.5,0.2,0,0,0,0,0,0,0,0
duffyfr01,0.7,0.1,-0.6,-0.1,0,0,0,0,0,0
greento02,0.3,0,0.1,-0.5,0.3,0,0,0,0,0
nilssda01,0.7,2.6,0,0,0,0,0,0,0,0
wockejo01,1.7,0.2,1.3,1.3,0.8,-0.5,0,0,0,0
wilsopr01,-1.1,-0.4,-0.9,0,0,0,0,0,0,0
merulma01,-0.2,0,0,0,0,0,0,0,0,0
leonaje01,3.4,3.4,-0.9,1.5,0.9,-1.4,0.7,-1.7,0,0
estrajo01,-1.1,-0.4,0,0,0,0,0,0,0,0
gantnji01,2.6,4.3,0.5,2,0.9,0.5,2.3,0.9,1,1.6
garcika01,0.1,1.1,-0.2,-1.5,0,0,0,0,0,0
obriepe03,3.1,1.6,0,-0.5,-0.3,0.1,0,0,0,0
betemwi01,0.4,-0.3,-0.6,1.1,0.7,0.8,-0.3,0,0,0
ransoco01,0.1,0.5,-0.4,0.1,-0.2,0.5,0.8,0,0,0
clarkto02,1.7,-1,-0.8,0.2,3.4,-1,0,-0.1,-0.4,0
koskico01,2.5,1.3,1.1,0,0,0,0,0,0,0
bennega01,0,-0.8,0.6,-0.7,-1.1,-0.2,-0.8,0,0,0
berkmla01,3.2,6,2.2,6.8,3.5,1.4,3.5,0.5,-0.1,0
nicosst01,0.4,-0.3,0,0,0,0,0,0,0,0
preslji01,-1.8,-1.2,0,0,0,0,0,0,0,0
anderji01,0,0,0,0,0,0,0,0,0,0
schafjo02,-0.6,0,0,0,0,0,0,0,0,0
petrage01,1.3,0.6,0.7,0.6,0,0.2,0,0,0,0
hinchaj01,0,0,0,0,0,0,0,0,0,0
sinatma01,-0.1,0.1,-0.4,0.4,-0.1,-0.2,0,0,0,0
whitter01,0.9,3.4,1.7,2.5,2.6,2.6,2.8,2.7,-1.2,0.2
ashlebi01,0.2,0,0,0,0,0,0,0,0,0
steinbi02,1,0.4,0.8,0.4,0.4,1,-0.2,-0.2,0,0
konerpa01,-0.6,2.3,4,2.9,2,0.9,2.1,4.7,2.9,1.9
russejo02,-0.7,-0.4,-0.2,0.1,0,0,0,0,0,0
thondi01,0.9,1.2,0.2,2.1,2.2,1.6,0.9,1.4,0.2,0
byrdma01,3.5,2.2,3.7,1.9,-0.4,5,2.7,1.5,0.3,0
lezcasi01,1.4,0.5,5.9,0.2,2,0.5,0,0,0,0
dillast01,0.3,-0.4,0,0,0,0,0,0,0,0
figgich01,2.3,7.7,1.2,-0.9,-1.2,0,0.7,0,0,0
perkibr01,-0.5,0,0,0,0,0,0,0,0,0
garcica01,1.3,-2,-0.3,-0.2,0,0,0,0,0,0
maybejo02,-0.5,0,0,0,0,0,0,0,0,0
moraljo01,-0.9,1,-0.5,0.2,0.2,-0.2,0,0,0,0
crawfca02,2.5,5,7,0.1,0.5,1.6,2.3,-0.1,-1,0
jacobbr01,4.2,0.5,3.3,3.5,-1.2,0.7,0,0,0,0
krukjo01,4.2,4.7,1.3,0.3,0,0,0,0,0,0
bergda01,-1.2,0,0,0,0,0,0,0,0,0
wiggial01,-1,0,0,0,0,0,0,0,0,0
burkeja02,0.4,0.1,-0.5,0,0,0,0,0,0,0
gimench01,0.7,-0.6,0.7,0,0,0,0,0,0,0
scarsst01,0,0,0,0,0,0,0,0,0,0
spierbi01,-0.6,0.3,4.4,1.2,1.1,1.2,0,0,0,0
ripkebi01,-0.2,0.3,0.2,0.1,0.1,0.1,0,0,0,0
torrean02,0,1.8,5.3,0.9,1.4,-0.2,0,0,0,0
cordoma01,2.6,0.5,0.1,0,0,0,0,0,0,0
essiaji01,0.7,1.2,0,0.2,0.1,1.6,0,0,0,0
canoro01,5.7,8.5,7.8,6.4,3.4,7.3,3.4,0,0,0
brognri01,-0.1,0.2,-1.1,-1,0,0,0,0,0,0
delarto01,-0.1,0,0,0,0,0,0,0,0,0
mccutan01,4.9,-0.7,2.5,0,0,0,0,0,0,0
lefebjo01,-0.4,0,0,0,0,0,0,0,0,0
davisbe01,-0.6,0,0,0,0,0,0,0,0,0
quentca01,1.6,2,-0.6,0,0,0,0,0,0,0
trillma01,1.5,3.4,1.8,0.1,0.8,0.6,1.2,0.3,0.5,0
randlle01,4.2,0.8,-0.5,1.4,0.6,-0.2,0,0,0,0
redmati01,0,0.8,0,0,0,0,0,0,0,0
grichbo01,6.1,1.4,3.4,5.9,4.1,5.4,3.7,4.3,1.8,2.9
chaveer01,5.5,4.8,2.8,2.1,0.2,-0.5,-0.2,0.4,1.6,0.1
davisgl01,2.2,0.5,1.2,-1,0,0,0,0,0,0
wynegbu01,1.8,3.6,2.8,2.4,0,0,0.5,0,0,0
ellisma01,4,1.1,3.4,2.1,2.6,3,-0.3,0,0,0
bonilju01,0,0,0,0,0,0,0,0,0,0
knorrra01,0.2,-0.3,-0.6,0.2,-0.7,0,0,0,0,0
bushho01,0,-0.2,0,0,0,0,0,0,0,0
riverlu01,-0.4,-0.1,0.8,0,0,0,0.2,0,0,0
foxan01,0.3,-1.3,-1.1,0,0,0,0,0,0,0
faheybi01,-0.1,0,1.4,0.4,-0.1,-0.4,0.1,0,0,0
loneyja01,-1,2.6,1.4,-0.6,-0.1,0,0,0,0,0
pagnoto01,0.7,1.5,-0.3,1.6,-0.1,-0.4,0,0,0,0
randowi01,2.4,2.8,3.3,3.2,4,4.1,4.7,2.1,4.1,2.9
brosisc01,-0.1,5.3,1.2,-0.4,2.1,0,0,0,0,0
wilsoja02,3.6,1.5,3.7,1.3,1.3,-0.9,0,0,0,0
carroja01,2.5,2.1,2.5,1,3.5,-0.9,0,0,0,0
pasquda01,2.4,-0.1,0.2,-0.1,0,0,0,0,0,0
cashke01,-0.1,-0.2,-0.9,0,0,0,0,0,0,0
graffto01,1.5,1.9,1.1,1.7,2.9,1.1,0,-0.2,0,0
millira01,2.2,0,0,0,0,0,0,0,0,0
mullira01,2.8,2.4,3.2,1.9,2.5,2.2,0.1,0.7,0,0
bagweje01,7.7,6.3,7.4,5.4,5.8,3.7,4.1,3.7,0.3,0
utleych01,8.2,5.8,3.8,3,3.6,3.7,0.4,2.1,1,0
lunahe01,-0.5,0,0,0,0,0,0,0,0,0
clarkwi02,3.8,1.5,3.6,3.1,2.1,3.4,2.9,1.6,3.9,0
moellch01,-0.5,-0.7,0,0.2,-0.1,0,0,0,0,0
bonifem01,1.3,1,-0.8,-0.2,-0.5,0,0,0,0,0
hafnetr01,-1,1.5,2.4,1.6,0.8,-0.1,0,0,0,0
howelro02,2.2,0.3,-0.5,0.3,0.2,0,0,0,0,0
sanchan02,0,-0.1,0,0,0,0,0,0,0,0
pridecu01,0,0,-0.1,0,0,-0.3,-0.1,0.3,0,0
turneje01,0.6,0.1,-0.3,-0.4,0,0,0,0,0,0
davisra01,0.8,1.8,1.3,1.6,0.4,0.3,0,0,0,0
whiteel03,-0.4,0,0,-0.4,0,0,0,0,0,0
mathemi01,1.8,-0.5,0.7,0.1,-0.4,-0.3,-0.1,0,0,0
aldremi01,0,1.2,0.3,0.5,-0.3,0,0,0,0,0
hubbami01,0,0,0,0,0,0,0,0,0,0
valdewi01,0.8,-0.7,-1.7,0,0,0,0,0,0,0
baergca01,-1.4,1.1,-0.2,-0.8,0,0,-0.1,0.9,-0.4,-0.5
bragggl01,0.2,0,0,0,0,0,0,0,0,0
bernaro01,-0.2,0,0,0,0,0,0,0,0,0
kubelja01,-0.2,0.7,1.2,-0.8,-1.2,0,0,0,0,0
jonesru01,4.2,1.1,2.3,2.1,2.7,0.3,0,0,0,0
bartlja01,2.5,-0.1,-0.8,0,-0.2,0,0,0,0,0
mackape01,0.2,1.1,-1.3,0,0,0,0,0,0,0
melenlu01,-0.6,0,0,0,0,0,0,0,0,0
taveral01,0.1,0,0,0,0,0,0,0,0,0
pradoma01,5.5,2.4,3.4,3.1,3.8,0.1,0,0,0,0
chalkda01,-1.6,0,-0.1,0,0,0,0,0,0,0
jordabr01,7,3.4,2,4.3,3,1.3,-0.7,-0.1,-0.4,0
ceyro01,3.5,5.3,5.1,5,3.5,3.6,1.7,1.6,0.9,1.8
renteri01,0,0.4,0,0,0,0,0,0,0,0
lisjo01,0.4,-0.1,0,0,0,0,0,0,0,0
ludwiry01,5.5,1.3,1.9,-0.5,2,-0.9,-0.6,0,0,0
backmwa01,3.1,0.7,2.9,-0.7,1.5,0.5,0.2,0,0,0
hayesbr01,-0.2,0,0,0,0,0,0,0,0,0
singlch01,0.1,0,0,0,0,0,0,0,0,0
butlebr01,4.9,6.8,1.9,5,5.1,4.9,1.8,3.4,1.6,-0.1
rodrilu01,0.2,0,0,0,0,0,0,0,0,0
parrila01,0.8,0,-0.4,1.4,2.1,-0.1,2,1.2,-1.5,0
griffal01,-0.2,0,-1.5,0.9,3.4,1.7,0.3,0.7,-2.3,-0.3
hollato01,1.4,1.3,0.1,1.2,-1,-0.1,0,0,0,0
hallto02,-0.7,-1,0.1,0,0,0,0,0,0,0
gomezca01,8.5,4.8,2.3,0.1,1.8,0,0,0,0,0
omallto01,0.1,0.3,0,0,0,0,0,0,0,0
guldebr01,0.4,0,-0.4,0,0,0,0,0,0,0
sassema01,-1.5,-0.1,-0.3,0,0,0,0,0,0,0
tettlmi01,2.9,5.6,4.9,2.8,1.5,2.5,1,-0.5,0,0
kunkeje01,0,0,-0.2,0,0,0,0,0,0,0
reddijo01,3.5,2.6,4.4,0,0,0,0,0,0,0
estalbo02,0.1,0.6,0,0,0,0,0,0,0,0
valenel01,-0.1,0,0.6,0,-0.2,0,0,0,0,0
piazzmi01,6.2,4.3,5.1,4.5,3,2.1,0.1,0.1,2.9,0.1
anderda02,0.3,1.3,-0.3,0.2,0,0,0,0,0,0
curtich01,2.4,0.8,0.3,0.3,0,0,0,0,0,0
stubbdr01,0.1,-0.7,-0.5,0,0,0,0,0,0,0
walkela01,4.7,1.2,9.8,5.7,5.1,1.6,7.8,6.1,4.4,2.7
bordepa01,-0.3,-0.4,0.1,0.3,-0.4,-0.3,0,0.1,0.1,-0.2
penawi01,-1.3,0,0,0,0,0,0,0,0,0
winnihe01,0.4,0.1,-0.8,0,0,0,0,0,0,0
freelry01,-0.2,-0.3,-0.4,0,0,0,0,0,0,0
gallada01,1,-0.1,0.4,0,0,0,0,0,0,0
butersa01,0.6,-1.5,0,0,0,0,0,0,0,0
pencehu01,3.8,3.7,1,1.9,0.3,0,0,0,0,0
rolensc01,6.5,4.7,9.2,1.6,5.8,1.8,3.4,5.2,4.1,1.6
laudnti01,-0.3,1.1,0.1,0,0,0,0,0,0,0
cookest01,0,0,0,0,0,0,0,0,0,0
gillaco01,1.6,-1,1.1,-0.7,0,0,0,0,0,0
maynebr01,-0.1,1.8,0.3,2.2,0.1,-0.3,-0.1,0.5,-0.7,0
spehrti01,-0.1,0,0.6,0,0,0,0,0,0,0
lopezme01,-0.6,0,0,0,0,0,0,0,0,0
wilkecu01,0,-1.3,-0.6,1.2,-0.2,0,0,0,0,0
bostoda01,1.5,0.8,0.5,-0.5,-0.6,0,0,0,0,0
bartoda02,0.4,0,0,0,0,0,0,0,0,0
greenda03,0.2,0,0,0,0,0,0,0,0,0
foleyto02,1.3,-0.2,-0.3,-0.8,-0.1,1.1,-0.2,0,0,0
haselbi01,0.8,-0.3,0.5,0.4,1.3,0.4,-0.1,-0.1,0,0
figuelu01,0.1,0,0,0,0,0,0,0,0,0
mcbriba01,3.2,3.2,-0.3,0.6,-0.6,0,0,0,0,0
prattto02,0.3,0.7,1.3,-0.5,1.3,1,0.3,0.2,-0.8,0
hubbatr01,-1.1,-0.1,-0.7,0,0,0,0,0,0,0
johnsda06,-0.9,0.6,-0.2,-0.2,-0.3,0,0,0,0,0
sojolu01,-0.7,0.4,-0.2,0,0.7,-0.7,0,0,0,0
maxweju01,0.6,-1.2,0.1,0,0,0,0,0,0,0
molinbo01,0.5,-0.3,-0.1,0,0,0,0,0,0,0
willige02,2.4,1.7,0.6,-0.3,-0.5,-0.2,0,-0.3,0,0
redmomi01,-0.4,0.6,0.8,0.9,-0.1,-0.9,-0.2,0,0,0
barajro01,1.5,1.1,-0.1,1.8,0.9,0.8,1.4,-1,0,0
theriry01,0.1,-0.4,0,0,0,0,0,0,0,0
lathach01,0.1,0,0,0,0,0,0,0,0,0
huletti01,0.5,1.4,0.1,0.6,2.5,1,-0.2,0,0,0
kendrho01,2.9,3.4,5.4,1.1,0.5,1.4,0,0,0,0
custja01,3.3,2.7,1,2.2,0.2,0,0,0,0,0
milleda02,0.3,1.4,0.7,0.9,-0.1,0,0,0,0,0
ethiean01,3.8,2.7,-0.1,2.7,-0.2,-0.1,0,0,0,0
thomago01,4.8,3,3.1,4.9,0.5,-0.9,1.7,-0.8,0,0
gonzawi01,0.4,-0.4,0,0,0,0,0,0,0,0
amarari01,-0.5,0.2,0.7,-0.2,0,0,0,0,0,0
guillca01,4.6,2.5,6,3.1,2.2,0,0.5,-0.2,0,0
staplda01,-0.9,0,0,0,0,0,0,0,0,0
duncash01,-0.3,0,0,0,0,0,0,0,0,0
phillmi01,0.5,0,-0.1,-0.1,-0.2,0,0,0,0,0
morgany01,0,0.1,0,0,0,0,0,0,0,0
littlma01,0,0,0,0,0,0,0,0,0,0
blakeca01,2,2.3,2.8,2.7,4.6,2.7,0.9,0,0,0
salmoti01,3.7,2.3,4.4,1.2,4,2.8,-0.3,0,0.8,0
brumlmi02,-0.2,-0.4,-0.4,0,0,0,0,0,0,0
camermi01,5.9,3.6,4.8,1.5,1.8,4.3,3.2,3.1,3,0.1
cuylemi01,-0.1,0,0.3,0,0,0,0,0,0,0
zimmery01,1.9,3.9,3.7,0.4,0.7,-1.1,2.7,0,0,0
machake01,-0.1,-0.5,0,0,0,0,0,0,0,0
drewst01,-0.3,3.1,-0.3,0.4,1,-0.1,0,0,0,0
barnesk01,-0.2,0,1.4,0.3,0,-0.1,0,0,0,0
stillku01,-2.1,-1,0,0,0.1,0,0,0,0,0
doranbi02,3.3,1.3,3.4,1.5,0.5,-0.3,0,0,0,0
hundlto01,4.9,3.8,-1.3,-0.1,2.5,-1.1,0.4,0,0,0
chambch01,2.3,3.1,1.8,2.8,1.3,2.8,0.8,-0.1,0.3,0.3
foliti01,-0.3,-1.2,0.9,2.2,1.5,-0.7,1.1,-1.1,-0.4,-0.1
auerbri01,-0.4,1.2,0.1,0.3,-0.5,0,0,0,0,0
francma01,0,1.2,-0.4,0,0,0,0,0,0,0
rominke01,-0.7,0,0,0,0,0,0,0,0,0
eckstda01,0.8,0,0.9,1.4,0,0,0,0,0,0
mantoje01,-0.2,0,-0.3,0.2,0.4,0,0,0,0,0
martied01,0.2,3.1,7,6.5,6.2,5.6,4.9,5.7,4.8,2.6
ramirma02,7.3,4.8,5.2,6,5.4,4.1,4.4,4.5,1.1,6
officro01,0.5,-1.1,0.9,-0.4,0.1,-0.1,0,0,0,0
batisto01,3,-0.5,-0.2,0,-0.6,-0.2,0,0,0,0
nunezab01,0,-0.6,2.3,-1.7,-0.8,-0.1,0,0,0,0
thamema01,-0.2,0.1,0.5,-0.5,0,0,0,0,0,0
venabma01,0.9,0,-0.2,0,0.7,1,-0.6,0,0,0
cotahu01,0,0,0,0,0,0,0,0,0,0
flynndo01,-0.3,-2.5,-0.2,-1.2,-0.3,0,0,0,0,0
tablepa01,2.5,0.7,-2.3,-0.8,-0.9,-0.4,0,0,0,0
sheafda01,-0.6,-0.8,-0.2,-0.9,-1.1,0,0,0,0,0
verasqu01,0.9,0,0,0,0,0,0,0,0,0
brownde02,-0.6,0,0,0,0,0,0,0,0,0
tynerja01,1.1,0.8,-0.1,0,0,0,0,0,0,0
mclemma01,0.1,2.3,1.3,1.4,4.3,0.4,2.4,1.8,1.3,3.5
davisch01,1.6,0.3,2.8,0.3,3.3,2,0.2,3.1,3.5,2.3
clarkho02,0,0,0,0,0,0,0,0,0,0
webstle01,0.1,0.4,0.7,1.2,-0.2,-0.8,0,0,0,0
hillko01,0.7,-0.5,-0.5,-0.3,-0.6,-0.1,0,0,0,0
rebouje01,0.7,0.5,0.4,0.4,0.1,1.1,0,0,0,0
trevial01,1.7,0.5,2.1,-0.3,0.6,1.1,-0.2,0,0,0
maldoca01,2.9,-0.3,0.8,3.4,1.4,2.5,-1.6,0,0.1,0
spencsh01,0.4,0,0,0,0,0,0,0,0,0
mercaor01,-0.2,-0.3,-0.7,0,0,0,0,0,0,0
canizja01,-0.4,0,0,0,0,0,0,0,0,0
palmede01,2.1,2.8,1.6,1.6,1.7,1.3,0.5,-0.3,-0.9,0
watsoma02,0,0.1,0,0,0,0,0,0,0,0
howear01,1.8,3.5,1.4,0,-0.2,-0.1,0,0,0,0
gordoal01,4.2,6.6,2.8,0.8,0.1,0,0,0,0,0
caldeiv01,2.6,3.3,0,-0.8,0,0,0,0,0,0
hrbekke01,4,4.4,3.8,1.9,2.7,1.6,2.1,-0.2,0,0
conceda01,4.4,2.8,3.7,4.9,1.7,3.7,3.7,0.6,-1.2,0.1
marzajo01,0,0,-0.1,0,0.1,0.2,0,0,0,0
sexsori01,3.2,0.3,3.9,2.7,-1.1,-0.1,0,0,0,0
wilkebr01,0.5,-0.5,0,0,0,0,0,0,0,0
mondera01,1.9,2.9,2.3,0.5,2.8,-0.2,-0.4,0,0,0
spraged02,0.3,-0.3,0.2,-0.1,0.5,0,0,0,0,0
difelmi01,0.1,0.6,-0.4,-0.2,-0.4,0,0.1,0,0,0
tulowtr01,0.4,5.3,5.5,2.9,3.3,0.1,0,0,0,0
coghlch01,1.9,-0.6,-0.7,0,0,0,0,0,0,0
braggda01,-1,0,1.3,-1.5,0.5,0,0,0,0,0
selbybi01,-0.2,-0.2,0,0,0,0,0,0,0,0
widgech01,0,0.2,0,0,0.2,-0.8,0,0,0,0
gladdda01,1.4,-1.2,0.8,1,0.9,0,0,0,0,0
squirmi01,0.1,0.1,-0.7,-1,0,0,0,0,0,0
garneph01,4,3.8,0.5,3.5,2,3.3,1,1.5,-0.2,-0.1
lampkto01,0,0.4,1.3,0.5,0.2,1.6,0.7,0.9,0.7,0
bevacku01,1.2,-0.9,0.4,0.2,0.1,-0.1,0.1,-0.2,-0.4,0
bellira01,0.7,0.2,-0.3,0.7,-1.2,1,-0.5,0,-0.8,-0.1
teahema01,-0.4,0,0,0,0,0,0,0,0,0
weisswa01,1.5,-0.7,1.7,0.8,1.9,2.8,-0.2,1.2,0,0
robinke02,-0.3,0,-0.5,0,0,0,0,0,0,0
cabreor01,3.7,1.4,2,2.2,4.2,2.6,-0.7,0.6,-0.7,0
tracyan01,0,0,-0.1,0.2,0,0,0,0,0,0
hernaca01,0,0.9,0.4,0,0.1,0,0,0,0,0
counscr01,1.7,1.5,0.2,1,5.5,2.6,0.6,1.5,2.5,1
grissma02,1.2,4.4,1.9,0.9,0.1,-0.8,-1,2.2,2.4,0.6
mormaru01,0,0,0.1,0.1,0,0.2,0,0,0,0
haneyto01,-0.1,0,0,0,0,0,0,0,0,0
wellmbr01,0.3,0.5,0,0,0,0,0,0,0,0
reedje03,-0.1,-0.2,0,0,0,0,0,0,0,0
treadje01,0.6,0.2,-0.2,0,0,0,0,0,0,0
kendaja01,2.3,4.5,3.9,2.4,3.7,1.2,2.9,0.1,0.5,0
delgaca01,3.6,7.3,4.5,4.9,5.9,2.9,2.7,2.7,0.2,1.3
fuldsa01,-0.6,1.7,0.9,0,0,0,0,0,0,0
rayjo01,1.3,2.5,1.3,0.7,0,0,0,0,0,0
merceor01,2.5,2.5,-0.4,0.9,0,0,1.1,-0.4,0,0
murraed02,6.6,7.1,5.6,4.1,3.8,3.2,2,5.1,1.2,1.6
orsuljo01,2,2.4,1.8,0.9,0.7,-1.4,-0.6,-1,-0.5,0
fullmbr01,1.3,-0.3,0,0,0,0,0,0,0,0
ellisaj01,0,1.6,-0.1,0.4,0,0,0,0,0,0
blancan01,0.2,0.4,0,0,0.3,1.5,-0.2,-0.3,0,0
hattesc01,-1.2,3.4,1.4,1.5,-0.9,1.8,0.9,-0.5,0,0
raburry01,1.9,0.1,-1.9,2.1,-1.5,1.1,-0.6,0.1,0,0
ojedaau01,0,0.2,1.2,1.5,-0.4,0,0,0,0,0
gibsoki01,5.4,3.7,4.3,6.5,0.9,2.4,0.7,0.2,1,1.8
brownje01,2.3,-0.3,2.4,0.3,0,0,0,0,0,0
mayde01,1,-0.8,0,0.1,0,0,0,0,0,0
glaustr01,1.3,3.4,4.3,3.3,4.4,-0.2,0.2,0,0,0
trammbu01,-0.1,0,0,0,0,0,0,0,0,0
ramsemi01,0,-0.2,0,0,0,0,0,0,0,0
candaca01,-0.7,0.5,0,0,0,0.2,0,0,0,0
walkech01,-0.3,-1.2,-0.6,0,0,-0.4,1.3,-0.5,0,0
elsteke01,-0.1,0,-0.5,-0.1,1.5,0,0.3,0,0.5,0
mcgrifr01,5.2,4.1,4.5,1.4,1.7,0.2,2.9,4,0.2,3.7
larkige01,-0.2,0,0,0,0,0,0,0,0,0
rosalad01,1.3,-0.1,1.7,-0.7,0,0,0,0,0,0
davanje02,0.6,0.8,-0.3,0,0,0,0,0,0,0
freedro01,-0.2,1.1,-0.2,0.3,0,0,0,0,0,0
higgibo02,3.4,1.5,0.3,2.2,-0.4,0,0,0,0,0
jonesan01,6.6,4.9,3.2,6.7,5.6,3,-1.6,0.3,1.9,1
hancoga01,-0.4,0,0,0,0,0,0,0,0,0
williea02,-0.5,0,0,0,0,0,0,0,0,0
incavpe01,1.6,3,-0.5,0,0.8,-0.5,-0.6,0,0,0
bournmi01,6.1,2.3,0.8,0.2,0.3,0,0,0,0,0
macharo01,0.6,0.4,-0.2,0,0,0,0,0,0,0
moutoja01,0.4,-0.1,0,0,0,0,0,0,0,0
bullibu01,-0.2,0,0,0,0,0,0,0,0,0
richage01,1.2,-0.2,0,0,0,0,0,0,0,0
quinolu01,1.9,0.1,-0.3,-0.2,0,0,0,0,0,0
decindo01,2.8,3.9,2.6,7.6,2.3,3.3,1.9,2.5,1.3,0
maddoel01,-0.4,0.8,0.9,0,1.7,0,0,0,0,0
husonje01,0,0.2,0,-1.3,-0.2,0.7,-0.8,0,0,0
speiech01,1.6,3.1,1,1.4,-0.1,1,1.4,0.1,-0.2,1.2
buckjo01,1.8,0.6,0.5,0.1,0,0,0,0,0,0
glanvdo01,0.3,-0.2,-0.7,0,0,0,0,0,0,0
veryzto01,0.1,-0.2,-1.1,-0.2,-0.4,-1,0,0,0,0
grosswa01,2,1.1,2.7,1.7,0,0,0,0,0,0
roberda06,-0.1,0.5,0.1,-0.1,-0.4,0,0,0,0,0
wrighda03,2.8,2,7,5.9,2.7,0.5,-0.2,0,0,0
frymatr01,2.6,3.5,2.9,0.5,4.7,-1.1,-0.2,0,0,0
valleda01,0.7,0.3,1.4,3.4,-0.1,-0.2,0.9,0,0,0
manueje01,0.2,0,0,0,0,0,0,0,0,0
diazei01,-0.7,0.2,-0.8,-0.7,0.1,0,0,0,0,0
fowlede01,1.8,2.2,4.2,1.6,0,0,0,0,0,0
mathije01,0.2,0.9,-0.4,0.1,-0.5,0.4,-0.6,0,0,0
destror01,-1.2,-0.4,0,0,0,0,0,0,0,0
jonesbo02,0,0.6,0,-0.2,-0.3,-0.1,-0.4,0,0,0
cabreas01,1,1,1.7,2.7,1.1,0,0,0,0,0
davisch02,1.8,5.2,3,-0.1,0,0,0,0,0,0
uptonju01,2.9,3.2,4.4,2,5.7,0,0,0,0,0
ramosdo01,-0.7,-0.9,-0.5,0.5,-0.3,0.8,-1,0,0,0
ordonma01,5.6,0.9,1.6,1.8,7.3,2.1,0.8,1.3,-1.5,0
ramirra01,0.1,-0.3,1.5,-1,-0.5,-1,-0.2,0,0,0
valenja01,-0.2,-0.4,1.4,0.3,-0.3,0.1,0,0,0,0
trammal01,6,6.7,3,6.3,8.2,6,3.7,6.7,3.3,1
davisjo02,1.5,0.3,-1,-0.4,0,0,0,0,0,0
lanceri01,0,0,-0.2,0,0,0,0,0,0,0
saxst01,0.8,2.1,4.4,1.4,4.1,0.1,-0.3,0,0,0
bradlmi01,1.7,2.2,5.2,0.3,0,-0.1,0,0,0,0
willire02,0.5,-0.1,0,0,0,0,0,0,0,0
benedbr01,-0.1,-0.4,0.6,-0.7,0.3,0.5,0,0,0,0
salazos01,0.8,0.1,-0.4,0,0,0,0,0,0,0
lombage01,0,0,0.2,0,0,0,0,0,0,0
francje02,3.1,-2.5,-1.4,-0.2,-1.1,0.5,0,0,0,0
hiattph01,0,0,-0.1,0,0,0,0,0,0,0
fletcda01,2,0.2,1.3,1,2,2.3,0,-0.3,0,0
venturo01,4.7,4.8,2,5.8,6.7,1.8,2.5,3.7,1.8,0.2
butlebi03,1.5,-0.3,-0.9,0.1,0,0,0,0,0,0
mankoph01,-0.5,0,0,0,0,0,0,0,0,0
mumphje01,3.6,3.2,2.7,2.3,2.7,0.9,0,2.5,-1.1,0
velarra01,2,1.1,3.4,2,0,0.5,7,2.3,1.9,-0.2
orrpe01,-0.1,0.2,-0.2,0,0,0,0,0,0,0
tracych01,-0.3,0,0.4,-0.7,0,0,0,0,0,0
atkinga01,-1.2,-1.3,0,0,0,0,0,0,0,0
lopezja01,3.3,2.1,2.5,1.5,0.2,6.8,4.8,2,-0.6,0
jonesga02,0,-1,-0.7,0,0,0,0,0,0,0
fischmi01,-0.3,-0.1,0.1,-0.6,0,0,0,0,0,0
brettge01,8.6,9.4,3.3,6,4.3,2.8,8.3,3.9,2.7,5.2
hendeda01,0.4,6.3,4.3,4.9,5.4,-0.8,-0.5,-0.6,0,0
dilonmi01,3,-0.1,-0.8,0,1.8,-0.7,0,0,0,0
quinlro01,-0.3,-0.4,0,0,0,0,0,0,0,0
rodriiv01,6.5,6.4,6.4,4.8,5,3.1,4.5,4.5,2.8,3.1
thompmi02,0.7,3.7,2.1,1.1,0.1,-0.2,-1.1,0,0,0
aurilri01,6.7,0.9,0.7,0.4,1.6,1.4,0.2,-0.6,-1.1,0
menchke01,0.1,0,-0.4,0,0,0,0,0,0,0
gomezle02,1.5,0,0,0,0,0,0,0,0,0
sizemgr01,-0.4,0.1,0,0,0.3,-0.7,0,0,0,0
murphda08,1.9,1.4,4.6,2.8,0,0,0,0,0,0
johnsni01,0,1.1,1.4,-0.1,0,0,0,0,0,0
riceji01,2,2.4,3,5.6,2.5,1.9,5.6,0.2,0.5,-0.7
jacksda03,4.4,4.4,-1.5,2.7,0,0,0.8,-0.3,0.4,0
youklke01,5.4,3.9,1.7,-0.2,0,0,0,0,0,0
summech01,2.2,0,0,-0.1,-0.1,0,0,0,0,0
schiena01,1.6,-1,0,0,0,0,0,0,0,0
crometr01,0,-0.2,0,0,0,0,0,0,0,0
youngde03,-0.9,-0.9,0.8,0.1,0,0,0,0,0,0
clarkje01,0,1.1,0,0,0,0,0,0,0,0
karroer01,0.9,1.8,3.8,0.7,-1.1,0.9,-0.7,-0.7,0,0
katama01,-0.3,0,0,0,0,0,0,0,0,0
vaughmo01,3.9,5.6,1.8,1.8,0,-0.5,-0.8,0,0,0
barfije01,4.7,2.9,4.4,5.2,1.9,-1.2,0,0,0,0
younger03,-0.3,-0.1,0.8,0,0,0,0,0,0,0
willima04,5.8,4.7,4.6,2.9,4.2,2.6,4.1,0.3,1,0.8
mcmilbi01,0,0.7,-0.4,0,0,0,0,0,0,0
mckinri01,0,-1.5,0,0,0,0,0,0,0,0
jonesch05,0.3,-0.5,0,0,0,0,0,0,0,0
uribeju01,0,0.5,3.5,1.5,-0.1,-0.4,4.1,4,1.7,-0.5
morriji01,1.2,2.2,-0.2,3.1,1.4,-0.8,0,0,0,0
greenga01,0.1,0,0,0,0,0,0,0,0,0
blankla01,0.3,-0.1,0.6,0,0,0,0,0,0,0
fostele01,-0.5,0,0,0,0,0,0,0,0,0
burrose01,0,0,0,-0.2,-0.2,0,0,0,0,0
brunato01,2.5,0.8,1.7,1.4,-0.3,1.4,-0.4,0,0,0
guerrpe01,2.2,7.9,0.5,4.7,1.3,1.9,-0.1,0.3,-1.1,0
kotsama01,2.5,4.6,2.8,0.3,-0.2,0.5,-0.2,-0.7,0.5,-0.1
zaungr01,1.1,-1.1,-0.3,2.3,3.6,1.8,2.4,0.8,1.1,0.5
walbema01,-0.4,-0.3,0.1,-0.2,-1.2,0,0,0,0,0
alexama02,-1,0.2,-0.7,0,0,0,0,-0.2,-0.2,0
mooresc02,0,0,0,0,0,0,0,0,0,0
paganan01,4,0.8,1.5,-1.9,1,0,0,0,0,0
sciosmi01,2.2,2.4,2,3,2.7,2.3,-0.5,0,0,0
sharpmi01,0.2,0,-0.1,0,0,0,0,0,0,0
guerrvl01,7,3.2,5.6,5.7,3.7,4.6,2.5,0.7,1.8,0.2
maybica01,-0.8,0.6,0.6,2,1.7,0,0,0,0,0
landrti01,0.3,-0.1,-0.3,0,0,0,0,0,0,0
ramirha01,0.2,1.3,5.4,3.5,-1.3,2.8,-0.3,0,0,0
cedendo01,-0.4,0,0,0,0,0,0,0,0,0
derosma01,-1.1,1.3,3.7,2.2,1.8,1.7,-0.7,0.1,-0.7,0
kellyro01,1.8,1.2,-0.9,1.2,1.7,2.2,0.1,-0.5,0,0
millake01,2.8,1.1,0.4,1.3,0.5,-0.7,0,0,0,0
spilmha01,0.1,-0.8,0.9,-0.2,-0.2,0.2,0,0,0,0
posesc01,0.1,-0.6,0,0,0,0,0,0,0,0
reesepo01,-0.4,1.3,0,0,0,0,0,0,0,0
fryeje01,0,-0.6,0.9,0.1,0,0,0,0,0,0
bautida01,0.4,0.5,0.7,0.6,-1.1,-1.3,0,0,0,0
roberle01,1.3,1.1,-1,0.5,0.1,0,0,0,0,0
woodsga01,0.5,0.1,0.1,0.1,0,0,0,0,0,0
haltesh01,1.3,-0.9,0,0,0,0,0,0,0,0
diazma01,0.5,0.8,-0.5,0,0,0,0,0,0,0
hamiljo03,1.5,1.4,0.4,0,0,0,0,0,0,0
mirabdo01,0.5,0.4,1.2,0.7,-0.8,-0.3,0,0,0,0
griffdo01,-0.9,-0.2,0,0,0,0,0,0,0,0
hayesvo01,3.5,2.2,5.1,3.1,1.3,-0.8,0,0,0,0
kellydo01,-0.6,-0.4,0,-0.2,0,0,0,0,0,0
harpebr01,0,-0.5,-0.2,1.2,2.8,2.8,2,2.3,2.4,-0.4
cedenro01,0.8,0.2,-0.7,-0.4,-1,0,0,0,0,0
smithma03,-0.1,-0.1,0,-0.4,0,0,0,0,0,0
crosbed01,0.1,0,0,0,0,0,0,0,0,0
pruitro01,-0.4,0.1,0,0,0,0,0,0,0,0
cruzjo01,4.3,4.8,5.3,4.6,4.8,3.1,2.4,6.2,6.3,3.1
pennicl01,1.6,0.2,0.4,0.3,0,0,0,0,0,0
hargrmi01,3.3,3.1,0.9,1.6,1.1,1,0,0,0,0
vandejo02,-0.9,1.1,0.8,3,0.5,0.4,0.9,-0.3,0,0
milleke01,-1.4,0,0,0,0,0,0,0,0,0
sandopa01,3.4,-0.9,-0.2,-1.4,0,0,0,0,0,0
daviser01,3.2,1.1,-0.4,0.7,-0.3,0,3.1,1.1,3.2,0.1
beckhgo01,0.7,-1.2,-0.2,0,0,0,0,0,0,0
phillto02,-0.3,2.5,4.7,5.2,5,5.6,4.7,4.3,3.2,1.9
morneju01,3.5,4.7,-1.1,1.2,1.9,3.2,0.4,0.3,0,0
monrocr01,-1.6,-0.4,-0.2,0,0,0,0,0,0,0
basske01,2.2,3.2,-0.4,0.4,0.3,0.6,1.4,-1.7,0,0
riverre01,0,-0.2,0,0.5,3.2,-2,0.5,0.1,0,0
caprani01,-0.4,0,0,0.1,0,0,0,0,0,0
plantph01,-1.1,0,0,0,0,0,0,0,0,0
matsuka01,-0.8,0,0,0,0,0,0,0,0,0
bryest01,0.1,1.2,-0.4,0,0,0,0,0,0,0
zobribe01,5.7,5,5,1.9,3.9,0.5,0,0,0,0
mcpheda01,0,-0.2,0,0,0,0,0,0,0,0
hammoro01,0,0,-0.1,0,0,0,0,0,0,0
colemvi01,1,0.8,0.2,-1.6,0.3,-0.2,-0.3,0,0,0
iorgga01,-0.8,1.8,0.3,-0.6,0,0,0,0,0,0
gedmari01,3.3,-0.5,1,-0.6,-0.2,-1.1,-0.7,0,0,0
wilsoda01,0.5,0,0.4,2.1,1.6,0.2,0.1,-0.3,0,0
mcgehca01,1.1,-1.2,-0.3,0,0,0,0,0,0,0
youngjo02,-1.2,2.1,-0.2,0.9,0.8,0,0.2,-0.7,0,0
bautijo02,7,8.1,3.5,4.1,6.1,5.1,1,-1.7,0,0
leachri01,0.6,0.4,1.4,0.8,0,0,0,0,0,0
willijo03,2.8,2.4,3.2,0.2,1,0,0,0,0,0
pierrju01,2,0.9,-0.1,1.2,0.3,-0.9,2,-0.1,0,0
hessmmi01,0,0,0,0,0,0,0,0,0,0
vukovjo01,0.2,-0.1,0,0,-0.5,-0.2,0,0,0,0
mendoma01,-0.6,1,-0.7,0,0,0,0,0,0,0
walkegr01,-0.8,-0.4,-0.4,0,0,0,0,0,0,0
bonneba01,2.3,0,-0.5,-0.7,0,0,0,0,0,0
mossbr01,2,2.4,-0.5,0.8,-1,0,0,0,0,0
kennete02,0.6,2.6,2.1,1.6,-0.2,1.3,1.5,0.8,0,0
perezro01,0,-0.3,0,0,0,0,0,0,0,0
byrneer01,1.8,3.7,-1.4,0.1,-0.3,0,0,0,0,0
mcgrite01,-0.1,-0.3,0,0,0,0,0,0,0,0
brownad01,-0.1,-0.1,0,0.1,0,0,0,0,0,0
conrabr01,-0.5,0,0,0,0,0,0,0,0,0
wehnejo01,-0.2,-0.2,-0.8,0,-0.5,0,0,0,0,0
huskebu01,0.7,-0.3,0,0,0,0,0,0,0,0
deckest01,-0.2,0,0,0,0,0,0,0,0,0
pettiga01,2.3,2.4,1.8,1.2,1.1,0,0,0,0,0
beltrad01,9.5,3.2,5.4,3.8,5.6,3.3,7.8,5.8,7.3,5.6
youngch04,2,-0.2,0.8,1.2,0.9,-0.4,0,0,0,0
bellju01,-0.1,0,0,0,0,0,0,0,0,0
raderda01,0.2,-0.3,-0.1,1.1,0,0,0,0,0,0
sadekmi01,-0.1,0.3,0.2,0,0,0,0,0,0,0
collilo01,0,-0.1,0,0,0,0,0,0,0,0
reedjo01,0.4,1.4,1.4,-1.3,-0.4,0,0,0,0,0
hernaen01,-0.1,-0.1,0,0,0,0,0,0,0,0
gimenhe01,0.1,0.3,0,0,0,0,0,0,0,0
howelja02,0.5,0,0,0,0,0.1,0.4,0.1,0.3,0
ramirju01,-0.2,0,0,0,0,0,0,0,0,0
anthoer01,0.4,-0.9,0,0,0,0,0,0,0,0
cochrda01,-0.6,0,0,0,0,0,0,0,0,0
tholejo01,-0.4,-0.8,0,0,0,0,0,0,0,0
gentrcr01,-0.5,-0.3,0.2,0,0,0,0,0,0,0
hernara02,2.6,4.2,1.5,1.6,-0.9,1.1,1.2,-1.5,0.1,0
perezto03,1.1,0.8,-0.3,-0.4,-0.4,-0.3,0,-0.2,0,0
mullifr01,0,0,0,0,0,0,0,0,0,0
repkoja01,-0.4,0,0,0,0,0,0,0,0,0
hilldo01,0,0.2,0.8,0.3,0,0,0,0,0,0
eldrebr01,0,-0.1,0,0,0,0,0,0,0,0
kluttmi01,-1.3,-0.1,0,0,0,0,0,0,0,0
rodrial01,10.4,8.3,8.8,8.4,7.6,9.4,4.5,9.4,6.8,4.1
cromawa01,1.6,2.1,2.7,2.2,0,0,0,0,0,0
herndla01,0.2,2,3.6,3.9,0.9,1.1,0.9,1.4,-0.5,0
milleed04,0,0.1,0,0,0,0,0,0,0,0
kenneju01,1.1,0.1,-0.6,-0.3,0,0,0,0,0,0
pedrodu01,5.1,6.3,4.9,2,5.7,1.5,0,0,0,0
normane01,0,0,0,-0.2,0,0,0,0,0,0
stearjo01,2.3,1.9,3.8,0,-0.1,0,0,0,0,0
nortogr01,-0.6,0.5,-1.1,0,0.9,-0.2,0.2,-0.3,0,0
anderbr01,2.6,3,6.9,3.7,1.5,5.9,1.9,-0.3,-0.2,0
durazer01,-0.3,0,0,0,0,0,0,0,0,0
garcino01,6.8,6.1,1.3,0.2,2.5,-1.6,0.8,-0.2,0,0
relafde01,1.2,-0.1,-0.9,-0.6,0,-0.5,0,0,0,0
shelbjo01,2,2.5,-1.8,-0.7,-0.5,0,0,0,0,0
molinya01,3.1,2.8,6.9,5.6,2.4,1.4,3,2,0,0
hairssc01,1,0.4,1.7,-0.8,-0.6,0,0,0,0,0
butlero01,-0.2,0,0,0,0,0,0,0,0,0
nordhwa01,-1.3,-0.4,0,0,0,0,0,0,0,0
clinege01,0.6,0,-0.2,-0.1,0,0,0,0,0,0
woodwch01,0.9,-1,-1.4,0,0,-0.2,-0.3,0,0,0
madlobi01,2.2,1.4,3.5,6.2,2.3,-0.6,2.4,1.1,0.9,0
bandoch01,-0.2,-0.4,0,0,0,0,0,0,0,0
thompro01,4,6.3,0.4,1.1,0.6,0,0,0,0,0
podsesc01,0.3,0,1.2,-0.6,0,0.4,0,0,0,0
thursjo01,-0.1,-0.1,0,0,0,0,0,0,0,0
hallme01,0.7,-0.2,1.4,-0.7,0.1,2.3,0,0,0,-0.4
reynocr01,1.5,0.2,-0.2,3.1,2.1,0.5,0.3,0.2,-0.6,0
hidalri01,5.7,1.1,0.6,0,0,0,0,0,0,0
durhara01,4.3,4.5,3.2,2.6,1.9,3.1,-1.1,1.5,0,0
mcclell01,-0.4,-0.3,0,0,0,0,0,0,0,0
kuipedu01,0.3,-0.8,0.2,-0.9,-0.7,0.2,0,0,0,0
teixema01,5.3,4.1,3.4,3.8,-0.2,1,3.9,-0.6,0,0
duceyro01,0.7,-0.6,0,0,1,0.9,1.1,-0.4,0.3,0
armasto01,2.2,-0.9,2.6,1.1,-0.4,-0.4,-0.1,0.4,0,0
maldoca03,-0.2,0,0,0,0,0,0,0,0,0
bondsba01,9,9.9,6.2,7.5,9.6,8.2,8.1,3.8,7.7,11.9
desmoia01,2,2.7,-1.1,0,0,0,0,0,0,0
doumiry01,1.2,1.3,0.5,-0.5,0,0,0,0,0,0
blowemi01,1.5,-0.1,0.6,-0.3,-0.1,0,0,0,0,0
deerro01,1.1,1.1,3.9,1.3,0,0,0.5,0,0,0
colbrgr01,0.5,0.5,2,0.4,1.3,0.1,-0.6,0,0,0
lewisda01,0.1,1.2,2.2,1.6,0,0,0.1,0,0,0
lacyle01,1.8,0.3,4,1.4,1.1,2.2,3.1,1.6,1.4,0.1
evansdw01,3.1,3.7,3,6.7,6.4,1.2,5.4,4.1,4.4,4.8
jordake01,-0.3,0,0,0,0,0,0,0,0,0
howarry01,1.2,1.2,-1.2,0.6,-1,-1.4,-1.5,0,0,0
collida02,2.2,-0.7,1.6,3.1,1.3,1.4,0.9,-0.8,-0.2,-0.3
lambmi01,1.3,1.9,-1,0,-0.4,0,0,0,0,0
hairsje02,0.7,0.7,-0.5,0.1,2,1,1.2,2,0.8,-0.9
strando01,0.7,-0.1,1.2,-2,0,0,0,0,0,0
goodwda01,-0.9,-0.3,0,0,0,0,0,0,0,0
strawda01,4.7,6.3,3.6,0.2,-1,-0.2,0.6,0.4,-0.5,1.5
reynorj01,2.2,0,0,0,0,0,0,0,0,0
ashfotu01,0,-0.3,-0.3,0,0,0,0,0,0,0
thomaga01,0.7,0.7,-0.3,0,0,0,0,0,0,0
jeffegr01,5.1,1.9,1.3,1.5,1.1,1.4,-1.4,0.2,0,0
jeltzst01,1.5,-0.7,0,0,0,0,0,0,0,0
montemi01,4.1,0.1,0.7,1.8,-0.3,-0.6,0,0,0,0
ochoaal01,0.4,1.3,0,0,0,0,0,0,0,0
deshide01,-1.5,4.2,1.7,1.3,3.1,0.4,0.5,0,0,0
burroje01,1.1,0.7,4.6,0.3,0.7,-0.3,1.6,0.4,0,0.4
bardjo01,-0.3,-1.2,0,0,0,0,0,0,0,0
pickeca01,0.5,-0.2,0,0,0,0,0,0,0,0
perezed02,0,-0.4,0.3,0.4,0,0,0,0,0,0
fordybr01,-0.6,-0.2,-0.2,-0.7,0,0,0,0,0,0
dascedo01,0,0,-0.2,0,0,0,0,0,0,0
lowelmi01,4.3,-0.9,3.3,5,2.4,0,0,0,0,0
brownbo04,-1.2,0,0,0,0,0,0,0,0,0
youngmi02,3.8,3.1,3,2.8,1.8,2.4,-1.7,-1.3,0,0
stynech01,1.1,0,2.3,-0.3,0,0,0,0,0,0
grandcu01,4.4,5.7,3,1.2,1.3,5.1,2.5,1.4,0,0
myersgr01,-0.3,0.4,0.9,1.1,0.5,0.6,0.3,-0.4,0.8,0.8
nixla01,1,1.3,1.6,0.1,-0.7,0,0,0,0,0
redusga01,1.5,2.2,1.4,0.3,0.1,1.2,-0.2,0,0,0
buforda01,0.9,0.5,-0.4,0,0,0,0,0,0,0
lindad01,0.3,1.9,2,3.1,-0.3,0.8,0,0,0,0
bournra01,-0.5,0.2,0,0,0,0,0,0,0,0
suzukku01,0.1,2.2,0.4,0.4,2.8,0,0,0,0,0
vizcajo01,1.4,2.3,2.5,0.3,0,0.1,-0.1,0.5,-0.5,0.4
northbi01,0.1,2.2,2.5,2.3,0.7,0,0,0,0,0
johnsla01,-0.1,0,0,0,0,0,0,0,0,0
morelke01,0.5,1.2,-1.7,1.3,-1.2,0,0,0,0,0
lyonsst01,0.9,-0.4,-0.2,0,0,0,0,0,0,0
montgbo01,0,0.2,0.1,0.2,0,0,0,0,0,0
germaes01,-0.9,0.2,-0.1,0.4,0,0,0,0,0,0
bowala01,1.4,3.2,5.7,1.5,0.7,1.8,-0.9,3,-1,0.1
moorech02,2,1.4,0.8,1,1.8,-0.8,0.7,1.1,-0.2,0
goodsed01,-0.2,-0.6,0,0,0,0,0,0,0,0
lowenjo01,-1.2,-0.2,0.8,1.9,1,-0.9,3.6,1.8,0.4,-0.5
scottdo01,0,0,-0.4,0,0,0,0,0,0,0
bulloer01,-0.2,-0.1,0,0,0,0,0,0,0,0
remyje01,1.9,0.4,0.8,0,0,0,0,0,0,0
tejadmi01,4.9,7.4,5.9,4.5,2.3,1.9,1.9,0.6,0,0
torreyo01,0.9,-0.6,0.5,2.6,-0.2,-0.7,-0.5,0,0,0
corcoti01,0,2.1,-0.9,-0.2,0,0,0,0,0,0
jeffere01,1.1,1,-0.2,0,0,0,0,0,0,0
coxla01,-0.4,0.2,-0.2,-0.1,0,0,0,0,0,0
manwaki01,2.6,0.6,0.5,1.1,-2.5,-0.4,-0.3,0,0,0
davisal01,2.8,-1.8,-0.1,0,0,0,0,0,0,0
claytro01,2.7,1.9,3.6,-0.4,1.6,1.3,-1.3,1.1,0.1,-0.7
diazal01,-0.7,-0.5,0,0,0,0,0,0,0,0
callaal01,3.4,0.2,-1.1,-0.8,0,0,0,0,0,0
johnsma01,0.3,-0.5,0,0,0,0,0,0,0,0
jordari02,0.9,0,0,0,0,0,0,0,0,0
benarma01,1,0.5,-0.4,0,0,0,0,0,0,0
baineha01,2.8,1.6,1.4,2.6,1.4,2.8,0.6,2.4,0.6,2.2
brownem01,0,0,0.2,2,0,0,-0.2,0,0,0
daubabr01,0.1,-0.1,0,0,0,0,0,0,0,0
soderer01,4.4,2.6,2.6,1.8,0,0,0,0,0,0
pujollu01,-1.4,0,0.1,0,0,0,0,0,0,0
magadda01,1.4,1.7,-0.1,1.4,0.5,2,0.8,0.1,1.1,-0.4
pocorbi01,-0.8,0.2,0.1,0,0,0,0,0,0,0
hanseda01,-0.6,0.5,0,0.8,1.3,0.3,0.3,-0.1,0.1,-0.1
fitzgmi02,1.2,2.3,-0.5,0.1,0,0,0,0,0,0
denorch01,1,2.3,4.3,-0.3,-0.3,0,0,0,0,0
hugheke01,-0.1,0,0,0,0,0,0,0,0,0
sweenry01,0.7,0.5,-0.1,0,0,0,0,0,0,0
leyriji01,0.5,2.7,1.2,-0.3,-0.8,0,0,0,0,0
valenjo02,4.7,1,-0.1,0,0.4,0,0,0,0,0
paglimi01,0.5,2.7,-0.1,2.8,0,0,0,0,0,0
morenom01,1,-1.3,1.5,-0.1,0.4,-1.4,0,0,0,0
allanan01,-0.1,-0.2,0,-0.2,0,0,0,0,0,0
simpsjo01,0,0.1,-0.7,0,0,0,0,0,0,0
holbeaa01,0,0,0,-0.3,0,0,0,0,0,0
kittlro01,1.1,1.6,0.1,-0.1,0,0,0,0,0,0
cansejo01,5.3,2.3,0.1,3,2.6,3,0.2,1.5,2.7,1.1
edmonji01,0.8,6.3,5.8,6.7,6,7.2,4.4,1.3,0.2,0.1
fordle01,0,0,0,0,0,0,0,0,0,0
rossyri01,0,0.4,0,0,0,0,0,0,0,0
sextoji01,0,0,0,0,0,0,0,0,0,0
castilu01,2,4.4,3.9,3.6,2.3,2.9,-0.4,1.4,0.3,0
stinnke01,-0.2,0.3,0.1,-0.4,0.6,0,-0.3,-0.8,0,0
johnscl01,-0.2,1.3,-0.2,1.5,-0.1,1.9,2.9,0.4,0.9,0
fernato01,4.3,4.5,2.1,1,3.3,1.5,0.9,0,2.2,2.8
ugglada01,2.9,-1.1,-1.2,-0.5,0,0,0,0,0,0
gloadro01,-0.1,1,-0.7,0.5,0.4,-0.3,0,0,0,0
kellemi02,0.3,0.3,-1,0.1,-0.4,0,0,0,0,0
penato01,3.8,-1.1,2.4,0.9,1.6,0.3,0.3,-1.3,0.5,0.3
infanom01,2,0.9,3.1,2.4,2.6,2.5,0.8,-0.8,-0.3,0
wilsomo01,3,2.6,2.3,1,1.9,-0.4,0,0,0,0
santone01,-0.2,0,0,0,0,0,0,0,0,0
leiussc01,-0.6,0,-0.8,-0.8,0,0,0,0,0,0
pacioto01,-0.9,-0.6,0.6,1.8,0.5,4.3,1.9,2.1,-0.9,-0.9
wilsova01,0.2,1,0,0,0,0,0,0,0,0
aloumo01,1.2,3.5,6.2,0,2.6,2.9,0.2,1.1,4,3.4
thompsc01,-0.4,-0.8,0,0,0,0,0,0,0,0
shumpte01,-0.1,-0.2,-0.1,2.4,0.5,0.3,-1,-0.1,0,0
hunteto01,3.8,4.2,3.1,3.3,3.9,3.5,5.2,3,3.8,5.7
getzch01,0,0,0,0,0,0,0,0,0,0
robinsh01,0.3,0.2,0,0,0,0,0,0,0,0
ensbemo01,3.5,-0.2,-0.9,0,0,0,0,0,0,0
johnsch04,5.1,2.4,0,0.8,1.3,0.1,0,0,0,0
johnsel02,-0.4,0,0,0,0,0,0,0,0,0
bordimi01,-0.9,0.9,3.3,4.7,2.8,0.7,2.4,1.7,0,0
avilaal01,-0.1,1,2.7,0,0,0,0,0,0,0
wilforo01,-0.3,1,0.4,0.5,0,0,0,0,0,0
martica01,-1.9,0.4,0.8,0,0,0,0,0,0,0
aldrico01,0,0,0,-0.2,0,0,0,0,0,0
francbe01,-0.4,0,0,0,0,0,0,0,0,0
gilbrro01,-1.1,0,0,0,0,0,0,0,0,0
lavalmi01,1.8,1.5,1.6,0.5,0.4,0.6,0,0,0,0
juraked01,0,-0.3,0,0,0,0,0,0,0,0
pauljo01,0.1,0.2,0.1,0,0,0,0,0,0,0
esaskni01,3.9,-0.6,0,0,0,0,0,0,0,0
caseyse01,1.6,4.4,1,-0.7,0.5,0,0,0,0,0
suzukic01,5.8,5.3,4.7,3.7,0.6,1.8,1.6,1,-1.2,1.5
wohlfji01,0.1,0.3,0.6,-0.8,0.8,0.8,1.3,-0.5,-0.1,0
leshebr01,-0.4,0,0,0,0,0,0,0,0,0
betanyu01,-0.5,-1.1,-1.9,0,0,0,0,0,0,0
hardyjj01,4.1,3.3,3.9,3.3,0,1.9,-0.5,0,0,0
crosbbo01,-1.1,-1.4,0,0,0,0,0,0,0,0
gaettga01,2.3,4.3,1.7,2.6,1.7,-1,2.3,2.4,3.4,2.5
disarga01,3.1,1.4,0.5,3.3,-0.1,0.5,0,0,0,0
eusebto01,0.1,0.1,0.8,0.4,0.1,0,0,0,0,0
coninje01,3.5,1.3,0.1,1.4,0.6,2.9,0.7,2.3,2.1,-0.4
schofdi02,2.5,2.5,0.8,2.3,0.4,0,0.2,0.2,0,0
brousbe01,-1,0,0,0,0,0,0,0,0,0
humphte01,0.3,-0.2,-0.3,0,0,0,0,0,0,0
fletcsc01,3.1,4.1,1.8,1.8,-0.6,3.4,4.8,0.9,-0.2,0
houstty01,0.4,0.3,0,0,0,0,0,0,0,0
oleartr01,3.1,1.1,-0.6,-0.2,-0.6,0,0,0,0,0
slaugdo01,1.8,1.8,2.3,2.3,2.6,1.9,0.9,0.2,0.8,-0.4
davismi02,4,1.3,-0.8,0.9,0,0,0,0,0,0
muellbi02,1.7,5.6,1.2,3.2,0,0,0,0,0,0
elliora01,0,0,-0.4,0,0,0,0,0,0,0
steinte01,4,2.5,3.1,2.6,3.4,0.6,1.4,1.2,0,0
cummimi01,0,0.5,0.1,0,0,0.1,-0.1,0,0,0
