player_id,0,1,2,3,4,5,6,7,8
hamiljo02,1.2,-0.5,-0.3,-0.3,0,0,0,0,0
nelsojo01,0,1.6,0,-0.3,0,0,0,0,0
lopezro01,-0.1,1,0,-0.7,-0.7,0.1,-0.2,0,0
spradje01,0.3,-0.7,0,0,0,0,0,0,0
powelde01,0,0.2,0.6,0,0,0,0,0,0
seleaa01,3.7,2.5,2.5,0,-0.6,0.3,-0.3,0.9,-0.3
hoffmgu01,0,1.4,1.5,-0.2,0,0,0,0,0
bankhsc01,1,0.9,0.3,-0.1,0,0,0,0,0
beltrri01,0,-0.1,0,0,0,0,0,0,0
tomlida01,-3.1,-0.1,-0.5,0,0,-0.1,0,0,-0.2
valdeis01,0,2.2,4.4,-0.5,-1,0,0,0,0
santaer01,3,-1.3,2.9,1.2,1.6,3.8,4.6,0,0
hudsoch02,-1,0,0,0,0,0,0,0,0
mingost01,2.3,1.1,0.8,-1.2,0,0,0,0,0
colonro01,-0.2,0,-0.1,0,0,0,0,0,0
norrimi01,0.4,-0.4,0.8,0,0,0,0,0,0
woodke02,2.8,0.9,0,0.4,1.9,0.4,0.8,0.4,-0.4
lewisji01,-0.1,0,0,0,0,0,0,0,0
riverma01,3.3,1.6,3.6,4.2,4,3.9,1.9,4.3,3.6
mulhote01,2.1,3.7,-1,-2.8,2,1,1.8,1.6,-0.2
boskish01,1,-0.9,-0.9,0,0,0,0,0,0
mirabpa01,0,0.5,-0.4,-0.1,2.2,-0.6,0.2,0,0
kucekja01,-1.5,0,0,0,0,0,0,0,0
boevejo01,0.4,1.1,1.1,1.4,-0.8,-0.2,0,0,0
sheetbe01,2.9,4.3,0,0.2,0,0.3,0,0,0
marmoca01,0.4,-0.3,-0.7,0,0,0,0,0,0
brazoyh01,0,-0.1,0,0,0,0,0,0,0
carmofa01,-0.5,-0.6,0.8,0.1,-0.2,0,0,0,0
sanchdu01,0.3,-0.6,0,0,0,0,0,0,0
coreybr01,0,0,0.7,0.3,-1,0,0,0,0
madsory01,1.4,1.3,2.1,0,0,0,1.7,1.2,2.6
zitoba01,4.4,2,-0.1,2.6,1.5,-0.6,0.2,-2.6,0
dejeami01,0.1,0.3,0.4,0.1,0,0,0,0,0
percitr01,1.9,2.4,0.6,1.1,-0.4,0,1.2,-0.3,-0.2
affelje01,1,2.6,0,0.8,0.8,0.1,1.4,-0.8,0
krukomi01,3.2,1,0.2,3,3.4,-0.7,1.1,0.2,0
delosva01,0,-0.3,0,0,0,0,0,0,0
houseto01,0.9,-0.2,0,0,0,0,0,0,0
gardnwe01,0.5,-0.7,0,0,0,0,0,0,0
slatedo01,0.3,0,0,0,0,0,0,0,0
fienca01,1,-0.5,-1,0,0,0,0,0,0
morrima01,2.7,0.1,0.8,0.4,0.4,-1.2,0,0,0
devinjo01,0.4,0,0,0,0,0,0,0,0
stephea01,-0.1,0.1,0,0,0,0,0,0,0
minerza01,0,0.2,0,0,0,0,0,0,0
ramosce01,0.9,-0.5,0,0,0,0,0,0,0
heaveda01,0.2,0,0,0,0,0,0,0,0
rodrife01,3.3,-0.1,1.1,1.6,0.3,-0.6,0,0,0
jepseke01,1.3,2.1,-0.9,0,0,0,0,0,0
howelja01,0.3,-0.9,2,3.4,2.1,0.7,2.3,1.1,0
verlaju01,8.4,7.8,4.6,1.1,2.2,6.6,6.3,0,0
gundeer01,-0.3,1.3,0,-0.1,-0.1,0,0,0,0
sorenla01,3.9,-1.5,0.3,0,-0.4,-0.9,0,0,0
tekulke01,0.5,2.1,2.1,3.8,1.6,1,2.7,2.2,0.9
butchjo01,-1.4,0,0,0,0,0,0,0,0
osunaan01,-0.5,0.7,0.8,0.8,-0.5,0,0,0,0
dixonto01,-0.2,0,0,0,0,0,0,0,0
hamilda01,-0.9,1.2,-3.1,0,0,0,0,0,0
motagu01,-0.1,0.3,-0.7,0.2,0.7,-0.2,0.3,-0.3,0
zachrpa01,1.1,1,0.3,0,0,0,0,0,0
bordiri01,0.3,-0.7,-0.2,0,0,0,0,0,0
spillda01,0.1,2,4.4,0.1,-0.2,1.5,0,0,0
hamelco01,4.6,4.6,6.6,4.4,5,2.9,0,0,0
learyti01,0.4,2.8,3.2,1.7,-1,-0.1,0.1,-0.3,0
millean01,0.8,0.4,1.8,2.2,4,3.1,0,0,0
milledy01,-0.1,0,0,0,0,0,0,0,0
gutieju01,-0.2,0.1,0,0,0,0,0,0,0
woodast01,0.1,0,0,0,0,0,0,0,0
raggibr01,-0.1,0,0,0,0,0,0,0,0
beardda01,0,0,0,-0.4,0,0,0,0,0
laskebi01,-0.3,0,0,0,0,0,0,0,0
henrybu01,0.2,0.5,0,0,0,0,0,0,0
hillsh01,0.4,0,0.2,0,0,0,0,0,0
millewa04,0.9,0.3,-0.6,0,0,0,0,0,0
neaglde01,4.5,2.4,1.3,3.2,1.2,0.7,-0.7,0,0
seaneru01,-1,0,0,0.5,1,0.1,0.8,-0.6,-0.1
bergmse01,0.1,-1.6,0,0,0,0,0,0,0
paintla01,0.1,0.7,-0.2,0,-0.2,0,0,0,0
henrydw01,-0.4,0.8,1,-1,0,0,0,0,0
munozbo01,0,0,0.3,0,0,0,0,0,0
carpecr01,0.5,0,-0.2,0,0,0,0,0,0
pennybr01,3,6,-1.1,1.7,0.7,-1.2,-0.8,0,-0.6
hurstbr01,4.6,3.8,3.4,6.7,5,2.9,1.1,-0.2,-0.2
willsfr01,0.5,0,-0.5,0,0,0,0,0,0
thomabr01,0,0,0,0.6,-0.5,0,0,0,0
mahleri01,4.7,1,1.3,2.4,1.4,1,0.1,0,0
mccaski01,1.8,0.2,-0.6,1.1,-0.2,-0.8,0,0,0
chaveje01,1.2,1.6,-0.2,-0.1,0,0,0,0,0
saitota01,-0.7,0,0,0,0,0,0,0,0
masonro01,0,0.4,-0.4,0.9,0.5,0,0,0,0
hudsoti01,3.3,1.3,4.7,3,0.9,5.7,2.9,1.6,1
hernaxa01,-0.1,-0.4,0.4,1,0,0,0,0,0
sturtta01,3.3,0.9,-0.4,0.1,0.7,-0.3,0,0.1,0
crabtti01,-0.4,0,0,0,0,0,0,0,0
nathajo01,2.1,3.3,2.9,3.3,2.9,0,-0.1,1.9,3.2
bulliki01,-0.5,0,0,0,0,0,0,0,0
burrira01,-1.1,1.1,1.1,-1.4,1,3.7,1.6,-1.2,-0.1
heilmaa01,0.9,-0.1,-1.1,0,0,0,0,0,0
beckwjo01,0.7,-0.6,0,0,0,0,0,0,0
grillja01,0.4,-0.1,1.7,0.1,0,0.9,0.9,0.8,-0.3
fernasi01,3.1,2.3,0.9,6,3.4,1.1,0.8,1.8,0
garcija02,0.3,3.9,0.8,1.4,0,0,0,0,0
greggke01,0.1,1,-0.3,0.1,0.5,-0.6,-0.7,0,0
zambrvi01,-1,0,0,0,0,0,0,0,0
abbotpa01,0,0,0.6,2.4,2.6,1.4,-1.4,0.4,-1
boggsto01,0.4,-0.1,0,-0.3,0,0,0,0,0
keougma02,-1.1,0,-0.1,0.5,0,0,0,0,0
walkepe01,0.2,2,0.7,0,1.6,-0.6,0,0,0
duckwbr01,-0.3,0.6,0,0,0,0,0,0,0
swiftbi02,3.7,4.4,4.4,1,2.3,0.3,-1,-0.4,0
valdeme01,-0.1,0,0,0,0,0,0,0,0
smithda02,1.3,2.9,-0.1,0.6,1.7,-1,0.3,0,0
rayke01,0,0.3,0,0,0,0,0,0,0
eatonad01,0.4,-1.6,-1,-0.8,0,0,0,0,0
terrewa01,1,0.6,-0.8,1.1,-1.2,0,0,0,0
huismma01,-0.3,-0.3,-0.3,0,0,0,0,0,0
aasedo01,0,2.1,0.2,2.3,0.4,0.4,-0.3,-0.7,0
wendetu01,1.9,1,-0.1,0,0.9,-0.1,0,0,0
valerju01,-0.3,0,0,0,0,0,0,0,0
guidrro01,3.1,4.1,5.3,1.5,4.5,2.5,2.5,0.5,0
tabakje01,0,-0.1,0,0,0,0,0,0,0
nunezvl01,-0.7,0,0,0,0.3,-0.2,0,0,0
wilsocj01,4.9,0.7,3.3,0,1.2,0,0,0,0
bucknbi02,0.1,-0.1,0,0,0,0,0,0,0
mathete01,0.1,-0.3,0.4,0,0,0,0,0,0
waechdo01,-0.1,0,0,0,0,0,0,0,0
gobblji01,-0.1,0,0,0,0,0,0,0,0
pulidca01,0,0,0,0,-0.4,0,0,0,0
blevije01,0.8,-0.4,0.4,1.1,1.5,0,0,0,0
castrbi01,0.8,-0.4,0.6,-0.7,0,0,0,0,0
cahiltr01,-0.3,0.9,0.2,0,0,0,0,0,0
cookmi01,0,0.1,0,0,0,0,0,0,0
zieglbr01,0.3,2.1,2.2,-0.7,0,0,0,0,0
meekev01,-0.9,0,0,0,0,0,0,0,0
telfoan01,0,1.5,0.3,0.5,1.2,-0.5,-0.3,0,0
snellia01,-0.8,0,0,0,0,0,0,0,0
glynnry01,-0.5,0,0,0,0,0,0,0,0
roberna01,-0.8,-0.2,-0.8,0,0,0,0,0,0
gallayo01,0.5,2.5,4.1,0.2,-0.2,0,0,0,0
karsast01,2.2,1.8,2.4,2.5,0,0.1,-0.4,-0.1,0
mantema01,0.3,0.1,2.1,-1,-0.3,0,0,0,0
hayneji01,0.9,2.5,-1.5,-0.7,0,0,0,0,0
damicje01,0.1,0.7,-0.7,0,0,0,0,0,0
ballaje01,-0.1,-0.8,0,0,0,0,0,0,0
agostju01,0.3,2.2,0.4,0.1,-1.3,-1.3,0,0,0
stoddbo01,0,0,0,0,0,0,0,0,0
augusje01,-0.1,-0.7,-1.2,0.3,0,0,0,0,0
hernafe02,3.7,4.7,5.2,6.8,4.4,1.6,0.8,0,0
galeri01,-0.1,0,0,0,0,0,0,0,0
morrija02,4,2.5,4.9,5.1,5.1,1.3,-0.1,0.7,4.3
hermadu01,0.2,-0.6,0.5,1.3,2,0.1,0,0,0
benoijo01,2.4,-0.2,0,2.3,1.1,1.1,2.8,1.8,1.8
dennyjo01,1.4,3.3,1,7.4,3.8,2.5,1.3,0,0
weaveje02,4,3.7,3,0.3,-0.7,-1.2,0,0,0
thompju02,0,0,0,-0.2,0,0,0,0,0
riskeda01,0.8,0.7,2.2,-0.3,-0.1,-0.1,0,0,0
jimenjo01,-2,0,0,0,0,0,0,0,0
righeda01,2.5,3.8,1.1,1.5,0.1,0.3,0.5,-1.5,-0.8
harvich01,0,-0.1,0,0,0,0,0,0,0
pooleji02,0.9,-1.8,-0.3,0,-0.6,0,0,0,0
larocda01,3.4,1,2.1,-0.9,1.4,0.7,1.2,-0.1,0
burnsbr01,-0.5,4.2,0,0,0,0,0,0,0
campri01,1.6,1.7,2.8,-0.3,0,0,0,0,0
birkbmi01,-0.2,0,0,1.3,0,0,0,0,0
staufti01,0.9,-0.1,0.3,0.4,-0.6,0,0,0,0
drabedo01,5.2,2,3.4,0.6,-0.1,0.4,-1.4,0,0
quallch01,-2.9,0.2,-0.7,1.8,0.5,0.1,-0.1,0,0
garzama01,1.2,1.5,1.4,-1.7,-0.3,-0.2,0,0,0
hernaru03,-0.6,0,0,0,0,0,0,0,0
stantmi02,-0.2,2.3,2.8,-1,1,1.1,2.7,2.2,0
marcush01,3.1,1.3,-1,0,0,0,0,0,0
silvajo01,0.2,0,0,0,0,0,0,0,0
campsh01,1.6,0.1,0.8,-0.9,0,0,0,0,0
rijojo01,5.7,5.5,5.5,9.3,3.1,0.7,0,0,0
neshepa01,0.9,0.4,2.3,0.3,0.6,2.8,0,0,0
kruegbi01,1.1,0.6,2.8,0.5,1,-0.5,-0.4,0,0
belchti01,1.9,-0.1,2.3,4.9,1.1,3.3,-1.4,-0.3,0
sabatcc01,6.3,6.8,6.2,4.6,7.5,3.5,0.3,-0.6,1
milacbo01,-0.1,0,-0.5,0,0,0,0,0,0
buenofr01,0,0,0,0,0,0,0,0,0
grimsro02,1.5,1.8,-2.4,-2.3,0,-0.6,0,0,0
mcgowdu01,-0.1,0,0.3,0.6,-0.6,0.7,-0.2,0,0
lancale01,0.7,0,0,0,0,0,0,0,0
morgami01,0,-0.3,2.6,2.8,-0.4,3,1.6,5.1,5.5
corsiji01,0,1.5,1.8,0.9,1.5,0.3,0,0,0
rekarbr01,-0.7,-0.5,0,0,0,0,0,0,0
donnebr01,-0.5,0.8,-0.4,0,0,0,0,0,0
casiala01,0.8,-0.4,-0.2,0,0,0,0,0,0
rawlesh01,0.2,3.9,2.9,2.4,0.3,0.4,0,0,0
harrigr02,-0.3,-0.9,0,0,0,0,0,0,0
redditi01,1.8,0.6,0.1,0,0,0,0,0,0
lannajo01,-0.2,-0.5,0,0,0,0,0,0,0
youngma01,-1.4,2.1,-0.2,0.1,0.2,0,0,0,0
houghch01,2.3,1.1,0.5,-0.6,0.2,0.8,2.9,4.6,4.7
stulter01,1.7,0.8,-0.7,-0.4,0,0,0,0,0
powelbr01,0,0,0,0,0,0,0,0,0
davisma01,0.5,0.7,3.1,4.5,-0.4,0.2,-1.1,0.6,-0.9
falcope01,2,2.2,1.7,0.7,0,0,0,0,0
martide01,2,-1.7,-0.5,0.1,0.5,3.8,3,4.7,4.7
frascjo01,-0.4,0.6,0,0,0,0,0,0,0
klinest01,0,-0.1,0,0,0,0,0,0,0
holtzmi01,-0.4,0,0,0,-0.2,0,0,0,0
codirch01,-1.3,0,-0.4,0,0,0,0,0,0
palmeda01,0.8,1,3.4,0.7,0.7,-0.7,0,0,0
nenro01,0.5,2.5,1.6,2.4,0,0,0,0,0
smithtr01,-0.4,-0.1,-0.1,0,0,0,0,0,0
stanlbo01,4,0.4,3,-0.4,0.4,1.6,-1.6,0,0
schoupe01,-0.5,1.1,-0.2,0.9,0.1,0,0,0,0
heatone01,-0.8,1.6,0.8,-0.3,0.2,-0.3,0,0,0
schoesc01,1.1,0.2,-0.4,0.8,-0.7,-0.3,0,0,0
welchbo01,1.6,4.3,4,7.1,2.8,3.5,3,-0.3,2.5
loeka01,0.7,0.6,-0.8,-0.8,0,0,0,0,0
lackejo01,3.5,1.8,1.8,-1.9,0,2.8,1.1,5.7,2.5
slusajo01,0,0,0.2,1.6,-0.5,0,0,0,0
falkebr01,-0.3,0.1,0,-0.2,0,0,0,0,0
hortori01,-0.5,0,0,0,0,0,0,0,0
saundjo01,1.5,1.5,-0.3,-1,0,0,0,0,0
willisc01,-0.1,-0.3,0,0,0,0,0,0,0
nichtch01,0,0.3,0,0,0,0,0,0,0
baezda01,-0.6,0,0.8,-0.5,-0.8,0,0,0,0
davisja02,-0.3,0,0,0,0,0,0,0,0
wehrmda01,0,0,-0.4,0.8,0,0,0,0,0
janssca01,1.9,1.4,0.2,-0.1,0,0,0,0,0
rapadcl01,0.1,0,0,0,0,0,0,0,0
beattji01,5.2,-1.4,0.1,0,0,0,0,0,0
thatcjo01,0.6,-0.1,0.5,0,0,0,0,0,0
ottoda01,-0.1,0.4,0,0,0,0,0,0,0
pettyad01,0,-0.5,0,0,0,0,0,0,0
hillesh01,-0.8,0,0,0,0,0,0,0,0
mooreba02,0,-0.3,0.1,0.2,-0.5,0,0,0,0
perezra01,0.1,0,0,0,0,0,0,0,0
raudo01,2.1,-0.5,0,-0.4,0,0,0,0,0
johnsjo04,1.3,0,1.3,-0.9,0,0,0,0,0
wrighja02,-1.7,3,-0.5,2.1,-0.3,0,0,0,0
harnipe01,-0.8,1.1,0.2,-0.7,5.1,3.2,1.1,-0.5,0
vanpoto01,0,-0.7,0,1.4,2,0.3,-0.1,-1.3,0
cookaa01,4.3,2.9,0.3,-0.7,-1.2,0,0,0,0
loopebr01,2.3,0,0.8,0.5,1.4,-1,0,0,0
ramirho01,0,0,-0.2,0,0,0,0,0,0
whitewa02,0,0,0,0,0,0,0,0,0
heredfe01,0.4,1.5,-0.2,0.1,0,0,0,0,0
jarvike01,0.6,1.5,0.3,-1,-0.7,-0.3,-0.5,0,0
tewksbo01,6.5,2.7,-0.8,1.1,1.4,3.2,3.3,0,0
borowjo01,-0.3,2.3,2.1,-1,0.6,1,-0.5,-0.7,0
wagnebi02,2.4,2.8,3.4,1.2,2.7,2.2,1.7,1,0.5
comerst01,-0.8,0,0,0,0,0,0,0,0
grantma01,-0.3,0,1.2,-0.9,0,0,0,0,0
tibbsja01,-0.4,0,0,0,0,0,0,0,0
tallebr01,1,-0.1,-1.4,-1.1,0,0,0,0,0
kneppbo01,-0.8,0.7,2.7,1.1,3.6,-1,2.2,-1.8,-0.4
eichhma01,0.1,-0.6,1.2,2.9,1.5,1.6,2.6,0,0.2
flanami01,0.6,2.4,2,2.2,0.4,1.3,2.3,1.3,1.3
downssc01,0.6,2,2.8,0.8,1.8,2,0.4,1.2,-0.5
smoltjo01,0.9,4.2,7.3,4.8,3.3,4.4,0,0.8,1.2
odayda01,2.3,2.8,0.6,1.1,0,0,0,0,0
duensbr01,0.2,0.2,1.4,0,0,0,0,0,0
robinje01,1.6,-0.2,1.1,0,0,0,0,0,0
tobikda01,0.6,-0.4,0,0,0,0,0,0,0
quantpa01,2.8,1.3,0.9,2.4,1,2.3,0.8,-0.3,0
bailean01,-0.2,-0.2,0.2,0,0,0,0,0,0
olivaom01,3.5,1.7,3.8,3.6,-0.6,-1.6,0,0,0
mainejo01,-0.6,0,0,-0.3,0,0,0,0,0
silvaca01,-1.9,-0.9,2.1,0,0,0,0,0,0
brocado01,1.5,3.1,0.6,0,0,0,0.6,-0.2,-0.1
holmeda01,1.2,0.3,0.9,0.6,-1,0,1.5,0,0
francfr01,0.7,1.1,-0.6,0,-0.3,0,0,0,0
sparkst01,4.4,-0.7,-0.2,-0.7,0,0,0,0,0
judenje01,1.3,-1,-0.3,0,0,0,0,0,0
whiteri01,1.6,-0.1,0.2,-0.7,-0.7,0.1,-0.3,-0.9,0
clarkte01,0,0.8,-1,-0.1,0,0,0,0,0
walkbo01,0.9,1.2,3.2,-1.2,0.6,0.8,1.2,-0.9,0
nichoro02,0,-0.5,0,0,0,0,0,0,0
remlimi01,1.6,0.6,2.4,1.4,1.7,2.1,1.1,0.6,-0.7
klinkjo01,0.1,0,0,0,0,0,0,0,0
thomsjo01,2,2.1,0.4,-0.3,0.2,0,0,0,0
smithle02,3.2,2.8,1.3,1,2.2,2.3,0.6,0.4,0.8
osunaal01,0.2,0,0,0,0,0,0,0,0
dunnmi01,-0.2,0.5,0.7,0,0,0,0,0,0
caldwmi01,0.3,8.1,4.8,1.6,0.3,2.1,0.2,0,0
baileho02,3.2,1.3,-0.1,-0.4,-0.9,0,0,0,0
magrajo01,0.6,-0.8,0,-0.7,0,0,0,0,0
gossari01,3.2,1.8,3.5,2.3,4.5,3.5,1.7,2.5,-0.8
bensokr01,1.9,1.9,0,0,-0.5,-0.1,0,0,0
bannifl01,4,0.8,1.3,1.8,3.9,1.2,0.7,0,0.2
aardsda01,0.7,0,0,-0.2,0,-0.2,0,0,0
cruzju02,0.6,1.4,-0.3,0.2,0.2,0.7,0,0,0
jacksmi02,0.1,1,1.7,1.5,1.2,1.2,3.8,1.1,0
bohanbr01,-0.4,0.4,3.2,3.1,3.1,-0.5,0,0,0
doteloc01,0.3,-0.5,0.1,0.7,1.3,0.4,0.6,1.2,-0.6
backebr01,-1.2,-0.5,0,0,0,0,0,0,0
ligteke01,1.5,-0.6,-0.6,0,0,0,0,0,0
hausmto01,0.9,-0.4,0,0,0,0,0,0,0
happja01,0.1,1.4,3,4.5,3.6,0,0,0,0
millsal01,0.9,-0.2,1.5,0.8,-0.1,-0.6,0,0,0
fordbe01,-0.3,0,0,0,0,0,0,0,0
swarzan01,-0.1,-0.1,2.7,0,0,0,0,0,0
politcl01,0.4,2.7,-1,0,0,0,0,0,0
pauleda01,-0.4,0,0,0,0,0,0,0,0
boyerbl01,-0.4,0,0,0.2,1.3,0.6,0.2,0,0
kendrky01,1,0.4,-0.5,0,-0.5,0,0,0,0
rowlary01,0,-0.1,0,0,0,0,0,0,0
veresra01,0.2,-0.7,0.3,0,0,0,0,0,0
solanju01,-0.1,0,0,0,0,0,0,0,0
magnami01,0.8,-0.1,1.1,0.5,1,-0.4,0,0,0
smithza01,4.1,2.8,1.9,0.5,3,-0.6,0.5,0,0
shielja02,2.7,4.1,3.3,1.9,-1.1,0.2,0,0,0
frasewi01,0,0,-0.2,-0.3,0,0,0,0,0
henketo01,1.4,3.4,3,2,1.2,2.1,1.3,2.3,0
welleto01,-1.9,-0.4,0,0,0,0,0,0,0
hernada01,-0.2,0.9,1.1,0,0,0,0,0,0
niesejo01,1.7,0.2,0.1,0,0,0,0,0,0
maddumi01,1.2,0.7,0,0.8,1.1,-0.4,0.4,0.7,-0.1
mathetj01,0.1,0.4,0,0,0,0,0,0,0
rhoderi01,1.2,0.9,1.4,4.9,5.2,0.3,6.6,3.1,1.2
gagneer01,0.3,0.1,1.3,-0.5,0,0,0,0,0
broxtjo01,-0.6,1.7,-0.4,1.4,-0.2,0.1,-0.3,0,0
johnsra05,5.5,8.6,1.2,8,5.8,9.2,8.1,10,10.9
brobepe01,0.2,-0.6,0,0,0,0,0,0,0
hendrma01,-0.8,0.9,-0.2,0,0,0,0,0,0
moehlbr01,0.4,-0.3,0,1.6,-1.5,0.6,1.2,-1,0.2
mcdowja01,4.3,3.9,4.1,1.5,0.1,1.1,-0.4,0,0
germafr01,0.8,0,0,0,0,0,0,0,0
hammoch01,-2.1,-0.4,-0.2,0,0,0,2.7,1.5,1
ueharko01,1.3,0.8,0.1,0,0,0,0,0,0
carmado01,-1.4,-0.3,-0.3,-0.1,0,0,0,0,0
scarcma01,-0.2,0,0,0,0,0,0,0,0
shirlbo01,-0.6,1.8,2.9,-0.3,-0.2,0,0,0,0
lizra01,0,0,0,0,0,0,0,0,0
florera01,-0.3,0,0.6,0,0,0,0,0,0
rapppa01,1.6,1.9,-0.2,1.7,0,0,0,0,0
willito02,0.1,0,0,0.9,0.9,-0.3,-0.3,0,0
laxtobi01,0.3,-0.4,0,0,0,0,0,0,0
gottji01,0.4,0.1,0.3,1,2.6,3,-0.3,-0.9,0
rojasme01,2.1,-0.3,-0.9,-1.5,0,0,0,0,0
volqued01,-1.3,1,-2.4,2.5,2.5,-0.9,0.7,0,0
niemara01,0.2,0.1,-0.1,0,0,0,0,0,0
lyonbr01,2.1,0.2,2,1.5,-1.5,1.3,-0.6,0,0
reardje01,1.1,0.1,0.7,2.4,1.1,1.3,1.5,1.2,0
griffmi02,0,0,0.7,0,-0.3,0,0,0,0
reedje01,2.2,0.7,1.2,-0.2,0,0,0,0,0
henrydo01,-1.1,1.6,-0.2,1.2,-0.5,0,0,0,0
kobelke01,1.8,-0.9,0,0,0,0,0,0,0
maholpa01,2.5,2.1,-0.1,-0.8,0,0,0,0,0
creekdo01,0.3,-0.4,0.4,0,-0.4,0,0,0,0
hallaro01,2.4,5.5,5.3,3.5,6.2,6.9,8.3,8.9,0.9
feldmsc01,0.4,0.1,1.6,1.9,1.4,-0.1,0.5,0,0
busbyst01,-0.6,1.3,-0.5,0,0,0,0,0,0
warddu01,3.1,3,0,-0.6,0,0,0,0,0
clippty01,1.8,1.5,1.2,1,0,0,0,0,0
martiti01,1.6,1.2,1.3,3.4,-0.1,-1.3,-0.1,0,-0.3
liriafr01,0.7,-0.1,3,1.6,2.7,0.3,-0.2,0,0
jeffcmi01,1.2,0.6,-0.1,-0.5,0,-0.2,0,0,0
harriro01,-0.2,0,0,0,0,0,0,0,0
oroscje01,1.8,2.2,-0.5,0.9,2.7,-0.2,0.7,0.7,0.8
zagurmi01,-0.5,0,0,0,0,0,0,0,0
humbeph01,-1,-1.6,0,0,0,0,0,0,0
papeljo01,1.6,1.7,1.5,2.8,1.4,0,0,0,0
monteri01,-0.4,0.4,0.3,-0.1,0,0,0,0,0
perisma01,0,0.2,0,0,0,0,0,0,0
lohseky01,1.9,2.8,-0.3,-2.3,2.3,4.3,3.3,2.5,-1.3
hammeja01,3.1,0,3.1,1.8,1.1,1.3,0,0,0
floydga01,3.5,2.8,2.5,0,0.7,0.2,0.2,0,0
kraveke01,0,-0.7,0,0,0,0,0,0,0
lewalde01,0,-0.1,0,0,0,0,0,0,0
feierry01,0,0,-0.1,0,0,0,0,0,0
matusbr01,1,-0.6,0,0,0,0,0,0,0
nunezle01,0.6,0,0,0.2,0,0,0,0,0
eldreca01,1.3,-0.4,-1.7,1.9,-0.4,0,0.4,0.4,0.8
niedeto01,0.2,1,-0.7,0.5,0,0,0,0,0
perezme01,-0.4,2.4,0.1,0,0,0,0,0,0
smithro01,0.4,-0.7,0,0,0,0,0,0,0
cadargr01,0.4,0.4,0,0,0.3,1,0,0,0
reamebr01,-0.2,0,0,0,0,0,0,0,0
nelsoge01,1.4,1.4,0.6,2.3,-1.5,-1,1,0,0
alvarwi01,2.1,4.3,3.6,1.2,2.8,0,0,0.2,2.4
reyesca01,-0.2,0,0,0.2,0,0,0,0,0
groombu01,0.9,0,-0.1,1.1,2.8,0.1,0.3,0.3,0
aybarma01,0,0,-0.2,0,0,0,0,0,0
hansoer01,1.2,2.9,1.5,-0.2,0.1,0,0,0,0
arnsbbr01,-0.8,0,0,0,0,0,0,0,0
perezpa01,0,2.8,4.5,2.7,0.6,2.3,0,0,0
hooddo01,1.8,0.2,0,0.4,0.8,0,0,0,0
vuckope01,2,2.8,-0.1,0,-0.2,0.6,0,0,0
halamjo01,0.8,-0.2,-0.2,0,0,0,0,0,0
boehrbr01,0.6,1.4,-0.4,0.1,0,0,0,0,0
reitsch01,-0.7,0,0,0,0,0,0,0,0
wuertmi01,-0.1,-0.6,0,0,0,0,0,0,0
frierer01,0,0,0,0,0,0,0,0,0
tapanke01,1.2,3.2,1.8,2.1,1,1.2,1.1,0,0
wellsbo01,2.5,0,-0.6,0,0,0,0,0,0
buehrma01,2.2,6.1,4.4,5.3,4,3.8,3.6,2.1,3.6
sandesc02,-0.6,0,0,0,0,0,0,0,0
wheelda01,2.2,2,-0.5,1.4,1,0.3,0.3,-0.4,0
francje01,0.4,0.4,1.5,-0.8,-0.5,-0.3,0,0,0
yorkji01,-0.2,0,0,0,0,0,0,0,0
ruffibr01,-1.2,2.2,1,2.1,1.5,-0.2,0,0,0
linebsc01,0.8,0.6,0.9,0.1,0.4,0.4,0,0,0
myersra01,1.2,-0.9,1.3,0.3,0.4,1.7,3.1,0.1,0
lampde01,1.3,-1.1,1.3,-0.8,-0.2,0.5,2.6,0,-0.4
witasja01,1.4,-0.2,0.3,1.3,-0.2,0.1,0,0,0
leach01,0,-0.3,-0.2,0,0,0,0,0,0
perezmi01,0,0.4,0,0,0,0,0,0,0
allenne01,-0.8,1.9,-0.5,1.6,-0.3,0,0,0,0
santaju01,0,0,0.1,-0.2,0,0,0,0,0
grosske01,0.6,0.5,0.5,4.1,1.5,3.9,0.3,1.4,-0.2
beltrfr01,0.1,0,0,0,0,0,0,0,0
bautijo01,0.7,-2.8,0.4,-0.6,0,0,0,0,0
pineijo01,-2,1,-0.5,2.5,2.9,-1.1,0,0,0
howrybo01,1,1.6,1.9,1.7,-0.1,0.9,-1.5,0,0
sosael01,2.7,3.1,1.6,0.2,-0.2,-0.7,0,0,0
bacsimi02,0,0,0,0,0,0,0,0,0
rodriri02,0,1,0.7,0.2,-1.1,0,0.1,0.1,0
jurrjja01,0.1,-0.4,0,0,0,0,0,0,0
helliri01,4.2,2,2,1.3,0,1.9,0.3,0,0
suzukma01,-0.6,0,0,0,0,0,0,0,0
aldresc01,-0.3,-1.1,0.6,0.7,-0.1,0,0,0,0
powerte01,0.9,-0.9,-0.2,0,0.8,2.2,-0.1,0,0
jonesbo04,0,0,0,0,0,0,0,0,0
macdobo01,-0.1,0,0,0,0,0,0,0,0
karstje01,0.8,0,0,0,0,0,0,0,0
oswalro01,6.7,3.8,2.4,5.7,2.2,-0.2,-1,0,0
daviswa01,3.4,1.8,1.9,0,0,0,0,0,0
bellhe01,1.9,0.9,-0.6,-0.2,-0.6,0,0,0,0
almanar01,0.2,0,0,0,0,0,0,0,0
skokcr01,0.8,0,0,0,0,0,0,0,0
cordefr01,1.7,1.6,1.6,1.6,1.7,0.2,1.7,-1.6,0
standja01,-0.5,0,0,0,0,0,0,0,0
ayalabo01,-2.1,0.7,0,0,0,0,0,0,0
humeto01,-1.1,-2.2,0.6,1.5,-0.4,0,0,0,0
hergema01,-0.4,0,1.2,0,0.5,0,0,0,0
thornma01,2.2,-0.2,1.1,0.5,1.2,1.2,-0.2,0,0
burketi01,0.4,-0.5,0,0,0,0,0,0,0
paceljo01,0,-0.5,0,0.1,0,0,0,0,0
ryanke01,0.1,-0.1,0,0,0,0,0,0,0
conroti01,-0.5,-0.2,-1.5,-0.2,0,0,0,0,0
rodriwa01,2.5,2.1,0.2,-1,0.4,0,0,0,0
haneych01,-0.1,-1,0.5,0,0,0.1,0,0,0
rodrifr03,2.4,0.1,1.8,1.8,-0.2,1.2,1.5,1.7,1.1
willoji01,-0.1,1,0,0,0,0,0,0,0
scanlbo01,0,0.2,0,-0.3,-0.4,0,0,0,0
fossuca01,-1.7,0,0.1,0,0,0,0,0,0
gaudich01,0.4,-1.1,-0.6,-0.2,1.3,0,0,0,0
radinsc01,1.2,1.4,1.7,0,0,-0.4,0,0,0
perezod01,3.7,0.6,-0.7,-0.2,1.4,0,0,0,0
wainwad01,0,1.2,6.2,6.1,0.9,1,0.2,0,0
wasdijo01,0.1,0,-0.6,-0.4,1.2,0.1,-0.2,0,0
jonesbo03,0,0.7,-1.3,-0.4,0,0,0,0,0
hershor01,7,0,2,2.1,2.8,1.9,3.7,2.7,2.3
gardnle01,-0.3,0,0,0,0,0,0,0,0
kingra01,0.5,0.2,0.2,0,0,0,0,0,0
wettejo01,1.7,2.4,2.8,2.7,1.6,0.7,0,0,0
edensto01,0.7,0,-0.1,0,0,0,0,0,0
sambijo01,0.6,0,0.6,-0.9,-0.1,-0.7,0,0,0
masseni01,0,0,-0.7,-0.5,0,0,0,0,0
leachte01,2.2,1.3,-0.5,1.8,0.8,2.2,0.3,0,0
kurodhi01,2.4,0,0,0,0,0,0,0,0
thomaro02,0.9,-0.7,2,0,0.2,0,0,0,0
fuentbr01,1.1,2.1,0.4,1.1,0.1,-0.9,0,0,0
valdema01,-0.3,0,0,0,0,0,0,0,0
bastaan01,0.9,0,-0.7,0,0,0,0,0,0
felicpe01,0.6,0.8,0.9,0,0,0,0,0,0
merckke01,1.3,-0.8,2.6,0.2,0.2,-0.3,0,-0.7,1.5
mooredo01,0,0.1,0.7,0.8,3.6,0.9,0.3,-0.4,0
bradfch01,0.4,0.4,1.2,1.4,1.6,0.1,0,0,0
pricejo02,-0.8,0.8,-0.8,0.2,0.4,0,0,0,0
palacvi01,0,0.8,-0.7,0,0,0,0,-0.3,0
wickake01,1.1,0.1,0,0,0,0,0,0,0
nitkocj01,-0.1,0.4,-0.2,-0.2,-0.1,0,0,0,0
dyermi01,0.4,0.4,0,0,0,0,0,0,0
hammaat01,2.2,-0.3,-0.1,0.1,-0.3,0,0,0.1,-0.4
easteja01,0,0.8,-0.3,1.1,0.9,0.9,-0.6,0.3,0
frankwa01,-0.1,0,0,0,0,0,0,0,0
beckejo02,6.5,3.3,5.1,-1,5.8,1.2,-0.8,1.9,0
wegmabi01,4.4,4.7,0.5,1.8,0.2,0,0,0,0
borlato02,0,-0.3,-0.1,0.2,-0.2,0,0,0,0
honeyri01,4,3.3,0.1,2.7,-0.5,0.3,1.4,0.5,0.3
parkeha01,0.3,0,0,0,0,0,0,0,0
bernead01,0.3,0,0,0,0,0,0,0,0
travebi01,1,-0.5,0,-0.5,0,0,0,0,0
buchhcl01,4.3,-1.6,2.7,0.3,-0.4,0,0,0,0
abbotgl01,-0.1,2.4,1.4,0,2.4,-1.5,0,0,0
verasjo01,0.6,1.4,-0.1,0,0,0,0,0,0
chenbr01,1.3,3,-1.2,-0.3,0,0.2,2.9,1.8,0.3
kamiesc01,2.9,-0.5,0.1,-0.4,0,0,0,0,0
murrada01,-0.9,0.6,2,-0.5,-0.1,-0.3,0,0,0
westbja01,3.5,2,0.9,0,1.7,-0.2,1.2,-0.6,0
webbry01,0.6,-0.1,0,0,0,0,0,0,0
powelja04,1.1,0.4,-1.2,0.5,0.3,0,0,0,0
lavelga01,0.8,-0.6,2.4,1.3,2.6,1,0,-0.6,0
kroonma01,0,0,0,0,0,0,0,0,0
eischjo01,0,0.1,2,0.5,0.1,0.6,-0.9,0,0
smithbr01,1.5,2.3,5.1,-0.7,1,-0.2,-0.7,0,0
guthrje01,4.8,1.8,1.6,1.1,1.1,-1.8,0,-0.4,0
ojedabo01,4.7,0.3,2.5,0.9,1.2,2.7,1.7,0.6,-0.4
henslcl01,-0.2,-0.8,0,0,0,0,0,0,0
thayeda01,0.1,0,0,0,0,0,0,0,0
desseel01,4.1,1.2,0.4,0.6,0,-0.8,-0.6,0.5,1
balesco01,0,-0.4,0,0,0,0,0,0,0
perkigl01,1.3,2.1,0.5,1.2,-0.1,-0.1,0,0,0
simpswa01,0,-1.4,0,0,0,0,0,0,0
belinst01,1.9,-0.3,1.6,1.2,-0.2,-1.1,0,0,0
hintori01,0,0.6,-0.6,0,0,0,0,0,0
worreti01,0.6,1.7,0.8,1.5,0.3,0.7,-0.2,-0.7,0
mlickda01,0.7,2.2,0.2,-0.9,0,0,0,0,0
gulledo01,1.7,2,0.6,0,0,0,0,0,0
leskacu01,1.7,2.3,0.9,0,1.9,0.1,0,0,0
whitsed01,0.2,2.7,-0.7,-1.7,0.4,0.8,6.6,7,-0.8
accarje01,-0.3,0,0,0,0,0,0,0,0
masonmi01,-0.4,0,0,0,0,0,0,0,0
burneaj01,3.4,1.9,2.4,2.4,4.4,-0.8,0.8,2.3,1.7
fasseje01,4.5,4.2,-1.4,1.7,0.9,-0.5,-0.7,0.5,0.5
rodrine01,0,0,0,0,0,0,0,0,0
ortizru01,2,-1.7,-1.3,-0.2,0,-0.6,-0.4,0,0
lagrole01,0.9,4.2,-0.5,-0.9,-0.3,0,0,0,0
williwo02,2.3,2.9,2.8,2.7,3.1,1.8,-0.2,1.4,1.3
fultzaa01,0.5,1.2,0,0,0,0,0,0,0
mccluse01,-0.1,0,0,0,0,0,0,0,0
guthrma01,0.4,2.1,-0.8,0.4,-0.1,0.3,0.1,1.6,1.3
arroyfe01,1.4,-0.3,0,0,0,0,0,0,0
paulife01,0,-0.9,0,0,0,0,0,0,0
huffda01,-0.2,-0.5,0,0,0,0,0,0,0
santovi01,-0.1,0,0,0,0,0,0,0,0
wagnepa01,-1.3,-0.1,0,0,0,0,0,0,0
shueypa01,1.6,0.8,0.8,1,0,0,0,-1,0
brewebi01,-0.4,0,0,0,0,0,0,0,0
nagych01,6.7,3.7,0.3,1.9,-0.9,-0.2,-1.3,-0.1,0
armstja01,0.4,0,0,0,0,0,0,0,0
koplomi01,0,0,0,0,0,0,0,0,0
brantje01,2.2,1.6,2.8,0.2,0,-0.2,-0.6,0.2,0
forscke01,2.4,1,2.7,2.6,2.6,3.4,1.8,3.5,0.7
lorraan01,-0.2,0,-0.6,0,0,0,0,0,0
andersc01,0,0,0.1,0,0,0,0,0,0
tellmto01,0,0,0,0,0,0,0,0,0
johnsda04,-0.6,0,0,0,0,0,0,0,0
bumgama01,4.8,5,2.9,0,0,0,0,0,0
berenbr01,-1.1,0,0,0,0,0,0,0,0
steveda01,-0.1,0,0,0,0,0,0,0,0
rodried01,0.1,0,0,0,0,0,0,0,0
juliojo01,-0.3,0.4,-0.5,0,0,0,0,0,0
jamesbo01,-0.7,4.3,-0.8,-0.5,0,0,0,0,0
jenksbo01,-0.4,0,0,0,0,0,0,0,0
kinger01,-0.2,0,0,0,0,0,0,0,0
sippto01,1.7,-0.4,-0.3,0,0,0,0,0,0
sweenbr01,0,0.3,0,0,0,0,0,0,0
prolymi01,2.4,1,0,0,0,0,0,0,0
tejermi01,-0.1,0,0,0,0,0,0,0,0
lemanda01,2.5,-0.4,0,0,0,0,0,0,0
vazquja01,2.5,2.1,2.7,6.2,3.1,6.2,-0.7,2.9,0
mahlemi01,0,0,0.8,0.8,0,0,0,0,0
suttebr01,1,-0.7,4.6,-0.1,0.2,0,-0.4,0,0
adamsmi03,1.9,2.8,1.2,0.3,0.2,0,0,0,0
heskejo01,-0.2,3.2,1.2,-0.2,1.2,0,0,0,0
leitema01,-0.3,-1.9,1.3,0,0,0.5,0,0,0
garceri01,0.4,-0.1,0.7,1.6,2,1.1,-0.9,0,0
wakefti01,1.5,0.1,0.2,2.7,3.9,3.6,1.2,4.5,1.9
balejo01,0,0,0.5,0.4,0,0,0,0,0
carych01,-0.1,0,-0.1,0,0,0,0,0,0
redmama01,0.7,0.1,-0.7,-0.8,0,0,0,0,0
shielsc01,1,0.8,-0.6,-0.3,0,0,0,0,0
felizne01,-1.1,1,-1,0,0,0,0,0,0
willimi02,-0.4,0.3,-0.9,-0.3,0,-0.3,0,0,0
crawfst01,0.3,-0.3,0,1.1,0.6,-0.3,0,0,0
levinal01,-0.3,1.4,0.5,-0.4,0,0,0,0,0
birddo01,-0.3,1.3,2.4,-0.9,-1,0,0,0,0
coneda01,5.2,7.2,6.8,7,2.9,6.8,4,5.1,-0.9
eastwra01,-0.2,1,0,0,0,0,0,0,0
lawrebr02,-0.4,0,0,0,0,0,0,0,0
hernali01,0.5,6.4,4.9,3,1.8,1.4,-1.2,0,3.2
perezju01,0,0,0,0,0,0,0,0,0
larsoda01,-0.6,0,0,0,0,0,0,0,0
weaveje01,1.8,-0.8,-0.5,0,0.7,-0.6,0,0,0
beimejo01,0.9,1.8,1,0.9,-0.4,0,0,1.1,0
mahompa01,0,0.9,-0.9,0.1,0.4,0.2,0,0,0
clemepa01,-0.1,0.5,0,0,0,0,0,0,0
smithpe02,0.2,-0.1,-0.6,0,1,0.1,0,0,0
mohlemi01,0.3,-1,-0.2,0,0,0,0,0,0
louxsh01,0.3,-0.7,0,0,-0.2,0,0,0,0
byrdpa01,1.4,5.6,0,0.8,2.5,0.2,1.7,1.5,0.2
reyesde01,-0.7,0.6,-0.5,2.2,0.3,1.8,0.5,0.4,-0.1
lucasga01,0.4,0.1,0,0,0,0,0,0,0
rodrifr02,-0.3,0,0,0,0,0,0,0,0
kolbda01,-1.3,0,-0.1,0,0,0,0,0,0
barrji01,0.8,1.7,2.5,-0.2,0,2,-0.1,0,0
geiseda01,0.4,-0.4,0,0,0,0,0,0,0
nippeal01,0,-0.5,0,0,0,0,0,0,0
aguilri01,2.4,0.6,2.4,0.5,2.3,0.8,1.4,2.1,1.9
penaal01,1.2,1.7,1.8,0.8,2.7,-0.2,0,-0.1,0.1
moffira01,0.3,-1.8,-0.1,-0.4,0.6,0.2,0,0,0
wrighja01,-0.5,0.2,1.8,-0.4,0.2,1.4,-0.9,-0.1,-0.4
frazige01,1.1,-1.8,-0.2,0,0,0,0,0,0
clemero02,10.6,7.9,8.8,2.5,6.1,1.9,7.7,11.9,8.2
lloydgr01,1,0,0.5,-0.6,-0.2,0,0,0,0
holdsfr01,-0.5,0,-0.1,0,0,0,0,0,0
valvejo01,1.7,1.1,2,0.6,-0.2,-0.8,0,0,0
jonesdo01,3.2,2.8,2.4,-0.4,2.8,-0.9,2.3,-0.3,0.6
rossma01,-0.1,0,0.1,0,0,0,0,0,0
filerto01,0.2,1.5,-0.3,0,0.3,0,0,0,0
wrighwe01,0.8,0,0,0,0,0,0,0,0
youngch03,1,1.1,0.9,0,2,2.5,-1,-0.5,0
trombmi01,2.8,1.9,1.2,0.3,-0.4,0,0,0,0
goltzda01,6.6,4.1,-0.4,0,0,-0.9,0,0,0
byrdati01,0,0.2,-0.6,0.2,0.6,1.1,0.6,0,0
chacigu01,-0.1,0,0,0,0,0,0,0,0
fernaal01,6.4,3.8,0,2.9,0.7,0,0,0,0
linceti01,-0.6,-0.7,0.3,-1.6,0,0,0,0,0
perezyo01,-0.3,0.6,0.5,-0.3,0,0.3,0,0,0
bairdo01,1.7,0.3,0.5,-1.3,0.9,-0.2,0.1,1.2,-0.4
villoro01,-0.7,-0.7,0.9,0.8,0.3,0.2,0.5,-0.1,0.4
mechegi01,-0.2,0.9,4.2,5,1.2,-0.1,0,0,0
jonesod01,0.9,0,0.6,0.8,0,0.6,0,-0.3,0
chulkvi01,0.1,0,0,-0.4,0,0,0,0,0
jeffeje01,-0.4,0,-0.1,0,0,0,0,0,0
figuene01,0,0,0,0.8,1.5,-1.4,0,0,0
loaizes01,1.4,0.1,7.2,-0.1,3.8,0.7,0,-0.1,0
darwida01,3.4,2.9,3.7,3.1,1.5,2.4,5.3,0.2,2.7
mecirji01,1.2,0.2,-0.4,0.8,0.8,0,0,0,0
jamesmi01,-0.3,-0.1,0,0,0,0,0,0,0
fyhrimi01,0.5,0,0,0,0,0,0,0,0
switzjo01,-0.1,0,0,0,0,0,0,0,0
okajihi01,0.1,0,0,0,0,0,0,0,0
brusswa01,2.3,1.1,-1.6,0,0,0,0,0,0
mcgafan01,3.2,1.4,-0.4,0.5,0,0,0,0,0
kellesh01,0.8,1.4,-0.7,0,0,0,0,0,0
nolasri01,1.8,1.8,0,-0.8,1.8,0.8,0,0,0
harrige01,0.2,0,0,0,0,0,0,0,0
rogeres01,-0.9,0,0,0,0,0,0,0,0
cecilbr01,1.1,0.3,0.5,0,0,0,0,0,0
bedrost01,2.3,0.5,0.9,-0.4,0,0,1.2,0.4,-0.8
whitega01,4.4,-0.3,1.3,0.4,-1.1,0.2,0,0,0
frohwto01,0.6,-1.5,0,-0.7,0,0,0,0,0
higuete01,0.3,0,-0.4,-1,0,0,0,0,0
crimch01,-0.2,-0.1,0,0,0,0,0,0,0
sanchje01,-0.2,0,0,0,0,0,0,0,0
vizcalu01,0.9,1.4,0.7,0.1,0.3,0,0,0,0
valdeef01,0,0,0.1,0,0,0,0,0,0
daalom01,4.7,-1.3,0.4,1.3,-0.8,0,0,0,0
palldo01,0.3,0,-0.5,0,0.1,0,0,0,0
bulliji01,-0.3,0,0,0,0,0,0,0,0
alberma01,1.2,0.6,0.5,1.4,-2,2.5,0,0,0
ottenji01,-1,-0.7,0,0,0,0,0,0,0
bibbyji01,0.6,2.9,3.5,2.7,0,-1.7,0.1,0,0
bailesc01,-1.5,0,0,0,0,0.4,-0.5,0,0
thigpbo01,-0.5,-0.6,-0.3,0,0,0,0,0,0
solomed01,2.7,0.9,2.8,-1.3,0,0,0,0,0
germaju01,0.3,-0.1,-1.1,0,-0.3,0,0,0,0
reynoke01,-1.2,0,0,0,0,0,0,0,0
ritzke01,4.5,2.3,0.5,-0.4,0,0,0,0,0
perezol01,1.7,-1.2,-1.2,0,0.9,0.6,0.4,-0.3,0.1
mendolu01,-1,0,0,0,0,0,0,0,0
resopch01,0.2,0.1,-0.3,0,0,0,0,0,0
guettle01,1.4,0.9,-1.8,0.7,0,-0.2,-0.2,0,0
scurrro01,0.3,0,0.2,0,0,0,0,0,0
bauerri01,0,-0.3,0,0,0,0,0,0,0
roberbe01,0.4,-0.6,0,0,0,0,0,0,0
leblawa01,0.3,0,0.6,0.2,0,0,0,0,0
fosteke01,0,0,-0.1,0,0,0,0,0,0
milletr01,0,0,0,0,0,0,0,0,0
johnsjo07,1.6,-0.7,0,0,0,0,0,0,0
boydoi01,-0.4,0.4,4.4,1,0,0,0,0,0
blacktr01,0,0,0.9,0.1,0,0,0,0,0
splitpa01,0.4,3,2.9,0.7,1.6,0.3,1.1,2,-1.1
mercejo02,2.9,-0.5,0,0.1,0,0,0,0,0
parrijo01,0,-0.3,0.5,0,0.3,0,0,0,0
freemma02,0.3,-0.3,4.5,1.2,0,0,0,0,0
calerki01,2.4,0,0,0,0,0,0,0,0
corpama01,-0.3,0.3,0,0,0,0,0,0,0
kinnumi01,-0.1,-0.1,0,0,0,0,0,0,0
guerrma02,1.2,0,0.1,-0.1,0.4,0,0,0,0
jacksed01,4.2,2.1,2.9,2,-1.3,-2.3,0.3,-0.6,-0.2
bielemi01,0.4,0.5,1.4,-0.2,0.3,-0.5,1.9,-0.6,0
millwke01,2.3,0.7,4,2.7,0.2,0.7,4.7,0.5,0.7
schmija01,2.2,2.4,6.7,6.7,1.8,4,-0.3,0,-0.2
martipe02,7.2,9.7,11.7,5.1,6.5,8,5.5,7,1
santajo01,7.5,5,7.1,3.3,4.6,0,0.2,0,0
deweyma01,0.5,0,0,0,0,0,0,0,0
michach01,0,0,0.3,0,0,0,0,0,0
willich01,0.5,-0.7,0,0,0,0,0,0,0
leffecr01,0.7,2.4,-0.9,0.2,-0.6,0.2,0,0,0
milleju01,-0.1,1.1,0.1,0,0,0,0,0,0
korecbo01,-0.1,0,0,0,0,0,0,0,0
durbich01,0,0.2,0.7,1.4,-0.1,0.6,-0.6,0.3,-0.7
bereja01,-0.7,0.4,1.7,-0.9,0,0,0,0,0
torreca01,-0.5,2.3,0.3,0,0,0,0,0,0
watsoal01,1.4,-0.6,0,0,0,0,0,0,0
willira01,-0.1,-0.2,0,0,0,0,0,0,0
tunnele01,0,-0.1,0,0,0,0,0,0,0
pichahi01,0.3,0,1.1,-0.1,-0.3,0,0,0,0
veresda01,2,0.5,0.6,0.2,0,0,0,0,0
clarkma01,1.8,1.9,-1.4,-0.7,0,0,0,0,0
gurala01,1.2,1.6,4.5,0.3,6.2,3.7,2,0.6,-0.8
robindo01,1.7,0,0.8,1.3,2.3,1.4,0.1,-0.4,-0.2
harrire01,-0.2,-0.2,0,0.2,0,0,0,0,0
willima05,-0.7,0.7,0,0,0,0,0,0,0
sanchbr01,-0.3,0,0,0,0,0,0,0,0
smithjo05,1.8,2.5,0.5,0.5,1.2,0,0,0,0
melanma01,1.9,2.9,0.1,0,0,0,0,0,0
rogerke01,5.8,3.4,0.1,7.5,3,5,0.2,5,1.9
persoro01,1.8,-1.1,-0.2,0,0,0,0,0,0
garcira03,1.2,0,0,0,0,0,0,0,0
armasto02,0.5,0.7,-0.5,-0.2,0,0,0,0,0
francjo01,1.6,0.1,1.7,-0.8,0.9,1.3,1.4,1.5,0.7
mendora01,1.5,-0.5,0.7,-0.1,0,0,0,0,0
grabojo02,1.1,-0.9,-0.5,0,0,0,0,0,0
pattebo01,-0.1,1,0.2,0.6,1.5,1.3,1.1,-0.9,0
gordoto01,3.1,1.4,2.1,3.7,2.6,0,0,0.7,0.5
hentgpa01,5.8,0.8,2.3,1.7,1.5,-0.4,3.5,-1.3,0
kershcl01,7.5,7.5,5.6,4.6,0,0,0,0,0
contrjo01,0.7,0.9,0.1,-0.3,-0.3,0,0,0,0
jacksro03,-0.2,0.6,0.9,0.6,0,0,0,0,0
stoneri01,-0.2,0,0,0,0,0,0,0,0
siskdo01,0.9,0,0,-0.8,0,0,0,0,0
parrama01,0.6,-0.6,0.1,0,0,0,0,0,0
schatda01,0.8,2.3,0,0.2,-0.8,-1,-1,1.3,-0.5
rhodear01,2.3,1.7,-0.6,0.6,2.5,2.7,0.4,-0.1,1
troutst01,3.7,3,1.4,2.2,-1.5,-1.3,0,0,0
walkeja01,0.9,1.1,0.5,1.3,1.4,-1,0,0,0
brownke01,4.8,4,1.7,4.3,8,7,8.6,6.2,7.2
mcdowro01,1.5,-0.6,0.7,0,1.4,0.6,0,0,0
jamesch03,-0.1,0,0,0,0,0,0,0,0
aceveal01,-0.4,0,0,0,0,0,0,0,0
clarkbr01,0.5,0,0,0.2,0,0,0,0,0
ruhleve01,3.2,1.4,-0.6,0.5,-1.4,1.4,0,0,0
kilgupa01,1.5,0,0,0,0,0,0,0,0
knudsma01,-0.9,0,-0.5,0,0,0,0,0,0
stanhdo01,0.8,1.8,-0.7,0,-0.2,0,0,0,0
alvarjo01,0,2.5,0.6,0,0,0,0,0,0
marteda01,0.6,0.6,1.3,0.9,-0.6,0.2,0,0,0
klinest02,0.6,1.6,0.1,0.5,0.2,0,0,0,0
hoffmtr01,1.6,1.3,1.2,1.5,0.2,1.7,0.6,2.1,1
choatra01,0.1,0,0,0.7,-0.1,1,0.5,1.2,-0.1
corcoro01,-0.3,0,0,0,0,0,0,0,0
mcmurcr01,-0.8,-0.2,0,0,0,0,-0.5,0,0
martito02,0.4,0.4,-0.3,0.1,0.1,0,0,0,0
correke01,1.7,-1.8,0.1,0.2,1.6,-1.3,-0.7,0,0
baldwja01,1.7,0.1,-0.1,-0.4,0.5,0,0,0,0
sutclri01,5.7,3.1,3.8,2.7,2.4,6.1,3.4,3.2,-0.1
folkeri01,-0.7,-0.4,0,0,0,0,0,0,0
montejo01,0.1,0.8,-0.6,2,0.9,-0.4,0.5,0,0
weathda01,-0.7,-0.3,0.7,1.5,2.6,1.2,2.1,0.1,0.9
paniajo01,-0.5,-0.1,0,0,0,0,0,0,0
hampsju01,0.1,0,0,0,0,0,0,0,0
schulda01,-0.1,0,0,0,0,0,0,0,0
ackerji01,2.6,0,-0.5,-0.1,0,0,0,0,0
floribr01,0.1,-0.4,0,0,0,0,0,0,0
jonesji02,0.3,-0.8,0,0,0,0,0,0,0
betanra01,1.5,1.2,1.5,2.6,0.2,0,-0.6,0,0
murast01,0,0.2,0,0,0,0,0,0,0
simonal01,1.9,-0.7,-2.2,0,0,0,0,0,0
dacqujo01,-1.9,0.7,-1,-0.1,0,0,0,0,0
forstte01,-0.3,1.6,-0.4,0.1,0,-0.2,3.3,0.7,1.3
blantjo01,-0.1,0.1,0.1,-2,0,1.2,1.7,-0.2,0
berenju01,1.6,-1.1,1.2,2,0.9,1.9,1.5,2.5,-1.5
perzast01,0,-0.7,0,0,0,0,0,0,0
hraboal01,0.2,-0.3,1.8,0.5,0.2,1.2,-0.8,0,0
belisma01,-0.3,1.9,0.7,2.2,0.6,0.1,0.8,1.1,0
jennija01,-0.6,-0.7,0.5,0,0,0,0,0,0
kuoho01,-1.6,0,0,0,0,0,0,0,0
lowema01,0.7,-0.6,-0.3,1.6,-1,0,0,0,0
castifr01,0.3,-1.5,0,4,2.3,-0.3,0,0,-0.2
bulgeja01,0.1,0,0,0,0,0,0,0,0
chrisja01,0.8,-0.1,-0.1,0.3,-0.3,0,0,0,0
castito02,2.5,2.7,1.6,-1.3,-0.6,0,0,0,0
ashbyan01,2.5,4.8,2.9,0.5,0.2,1.4,-0.4,0.1,0
martira02,3,2.4,2.7,1.6,2.1,0.7,-0.3,-0.4,0
leibrch01,6.7,3.3,6,5.2,0.3,3.2,4.5,2,1.2
mclaubo01,-0.5,0,0,0,0,0,0,0,0
dawlebi01,0,0,0,0,0,0,0,0,0
campbbi02,0.3,-0.2,0.2,0.8,-0.2,-0.3,-0.4,0.2,-0.5
langsma01,1.5,7.3,3.3,8.7,1.6,2.4,1.5,-0.1,-0.2
castibo01,0.6,0.6,-1,0,0,0,0,0,0
howest01,0,0.5,0,0,0,1.8,0.7,-0.6,2.2
farrst01,4.8,2.8,2.7,0.2,-0.3,0,0,0,0
petityu01,0,0.5,0.9,0.4,0.1,1.6,0,0,0
hanrajo01,-0.5,0,0,0,0,0,0,0,0
coxda01,0,0,-0.1,-0.7,1.8,1,-0.8,0,0
willida07,-0.5,0,0,0,0,0,0,0,0
oconnja02,0.4,0,0,0,0,0,0,0,0
kernji01,-0.5,0.4,1.7,-0.1,-0.4,-0.2,-1.3,0,0
stephga01,-0.3,1.1,0,0,0,0,0,0,0
paronch01,0.1,0.1,-0.3,0,0,0,0,0,0
schirca01,-0.1,-0.4,0,0,0,0,0,0,0
laffeaa01,-0.4,0,0.1,0,0,0,0,0,0
kenneia01,-1.5,1.4,-0.4,4,0.5,0,0,0,0
axforjo01,0.8,0.8,-0.2,0,0,0,0,0,0
gintema01,0,0,0.1,0,0,0,0,0,0
parkch01,5,4.1,0.5,-0.4,0.5,0.1,-0.4,-0.3,1.2
sotoma01,6.8,4.5,3.4,0.1,0.2,-0.6,0,0,0
speieju01,0.9,1.6,1.2,1.3,-0.3,-0.2,0,0,0
parnebo01,-0.1,-0.9,-0.1,0,0,0,0,0,0
mclaujo01,0.2,0.2,0,0,0,0,0,0,0
vosbeed01,0,0,0.1,0.9,1.4,0.2,0,-0.6,0.4
ohkato01,2.2,0.4,-0.5,0,-0.3,0,0,0,0
holzema01,0,-0.7,0,0,0,0,0,0,0
anderbr02,1.3,4.1,-0.9,1.8,1.7,-0.4,-0.2,0,0
jacksda02,-1.1,1.6,-1.8,0.4,2.1,4.7,-2,0.3,-1.7
sikorbr01,0,0,0,0,0,0,0,0,0
stclara01,0,0,-0.3,0,-0.3,0,0,0,0
almanca01,0,1.6,-0.3,0,0,0,0,0,0
glynned01,0.3,0.1,-0.4,0,-0.3,0,0,0,0
lapoida01,-1.2,2,3.7,-0.8,0.7,-0.5,0,0,0
wickmbo01,0.6,1.6,1.3,2.8,-0.2,0,0.2,1.8,1.2
downske01,1.1,-0.5,0,0,0,0,0,0,0
ritchto01,0.3,-0.3,0,0,0,0,0,0,0
liebejo01,3.7,3.9,2.6,0,2.8,1.3,1.5,0.3,0.4
vogelry01,-0.3,0,0,0,0,3.2,2,-2.1,1.2
reedri01,0,-0.2,0,4.4,4.5,1.9,2.8,2.9,2.8
beller01,1,-0.5,-0.2,0,0,0,0,0,0
twitcwa01,1.2,0.3,-1.8,-1.2,0,0,0,0,0
cokeph01,0.4,-0.2,0.1,0,0,0,0,0,0
chambjo03,0,1,-0.7,0.5,0,0,0,0,0
carlybu01,-0.5,0,-0.5,0.7,-1,0,0.1,0,0
tidrodi01,1.1,1.7,2.5,-0.8,0.9,-0.1,-0.8,0,0
johnsji04,2.4,1.5,-1.7,-0.2,1.5,-1,0,0,0
mujiced01,1.1,1.5,0,-0.3,0,-0.3,0,0,0
darenvi01,0,0.5,0,0,0,0,0,0,0
prinzbr01,0,0,0,0,0,0,0,0,0
ponsosi01,1.5,-1.3,-0.8,-0.6,0.3,-0.7,0,0,0
rincoju01,-0.5,-0.7,-0.8,0,0,0,0,0,0
boddimi01,1.1,3.3,4.2,3,6.1,2.7,0,-0.1,0
corteda01,0.7,0.3,0,0,0,0,0,0,0
olsongr01,-0.5,0.7,0.5,-0.5,1.4,0.7,-0.1,-1,0
harpetr01,-0.1,0,0,0,0,0,0,0,0
atherke01,-0.1,0,0,0,0,0,0,0,0
campbmi01,0,-0.4,0,0,0,0,0,0,0
ruckeda01,0,-0.7,0,0,0,0,0,0,0
suppaje01,2.5,1.4,3.7,1.2,1.5,1.2,1.9,-0.5,-1.3
curtijo01,0.2,-0.4,0,0.8,1.1,-0.8,-0.9,0.7,0
pastofr01,0.5,0.1,0,0,0,0,0,0,0
vargaja01,0.9,3.1,1.8,2.4,0.3,0.5,3.8,0,0
worreto01,0,1.9,-0.9,0.3,2.2,0.9,-0.8,0,0
hennemi01,1.8,-0.5,2.5,-0.4,0,0,0,0,0
stiebda01,6.9,0,2.3,4.3,3.3,5.8,1.6,-0.3,-0.4
kennejo04,0,0,0,0,0,0,0,0,0
peraljo01,0.9,0.6,0.4,-0.1,0,-0.6,0,0,0
gleatje01,-0.3,0,0.3,0.4,-0.1,2.1,0.1,-0.2,0
medlekr01,0.1,-0.9,0,0,0,0,0,0,0
kinnejo01,0.2,0,0,0,0,0,0,0,0
johnsjo09,2.8,3.3,-1.6,0,0,0,0,0,0
scherbi01,-0.3,0,0,0,0,0,0,0,0
havenbr01,0.3,1,-0.2,0,0,0,0,0,0
torresa01,0,0,0,0.8,0.9,2.3,1.7,1.6,-0.6
shawje01,3.3,3.6,3.3,1.5,0.3,0.9,0,0,0
gregelu01,0.8,0.5,0,0,0,0,0,0,0
kimby01,1.5,0.4,-1,0,0,0,0,0,0
bautide01,0.3,0,0,0,0,0,0,0,0
candito01,4.7,2.8,7,4.4,5,1.9,1.4,0.1,2
matlajo01,1,6.4,0.6,4.3,-0.8,2.1,-0.2,0,0
scottti01,-0.6,0,0,0,0,0,0,0,0
gonzaed01,0,0,-0.1,0.1,-0.5,0,0,0,0
medicdo01,1.8,0.7,2.5,1.7,-0.1,0,0,0,0
milleji02,-0.3,0,0,0,0,0,0,0,0
stroppe01,1.2,0.7,1.1,0,0,0,0,0,0
austiri01,0,0,0,0,0,0,0,0,0
colonba01,5.1,1.4,4,-0.2,-0.8,0.1,0.2,0,2.1
ohmanwi01,0.9,0.1,0.4,-0.2,0.9,0.5,-0.3,0,0
roberda08,1.2,0.5,1.2,2.9,0,0,0,0,0
forscbo01,1.6,1.6,2.4,-0.1,-1.1,0.2,2.5,1.7,-0.3
schmida01,2.2,1.5,-1.4,-0.5,-0.3,-0.3,0,0,0
mccarbr01,3.2,2.1,-0.2,1.1,-0.3,-0.2,0.7,0,0
leiteal01,1.3,1.4,5.7,5.6,1.3,6.8,2.5,4.8,3
manueba01,-0.4,-0.4,0,0,0,0,0,0,0
sprinru01,0,0.6,0.3,-0.5,0,-0.7,0.3,-0.3,0.8
myersro01,-0.8,-0.2,0.1,0,0,0,0,0,0
deleojo01,2.9,0.2,3.4,-0.6,0.3,1.4,-0.3,0,0
parreje01,1.5,0.2,0,0.7,1,0,0,0,0
hawkila01,-0.7,2.3,3.1,2.4,0.5,0.6,1.2,0.9,2
etherse01,-0.3,0,0,0,0,0,0,0,0
bowiemi01,0,0.8,0.4,-0.3,0,0,0,0,0
hochelu01,2,0,0.3,0.3,0,0,0,0,0
willica01,0,1.9,1.9,1.6,-1.2,-0.4,0,0,0
kazmisc01,-0.8,-0.3,0,1.1,1.7,3.3,0.2,0,0
limajo01,-0.3,-0.3,-1.3,1.2,1.2,-1.5,-0.8,0,0
tomkobr01,-0.6,2.6,1.8,0.5,-0.6,-0.3,1.5,0,0.1
blairde01,-0.4,0,0,0,0,0,0,0,0
mcgloly01,1.1,3.8,1,0.2,-0.2,0,0,0,0
telemam01,0,0.4,0.4,0.1,0,0,0,0,0
oliveda02,3.3,-0.7,0.4,0.5,0.7,-0.6,0,1.1,0.7
murphro01,1.3,-0.5,-0.5,0,-0.7,0,0,0,0
balleja01,0,0,-0.2,0,-0.4,0,0,0,0
badenbu01,1.6,0.4,0,0,0,0,0,0,0
jonesra01,1.8,1,-1.5,-0.4,0,0,0,0,0
freyst01,0.5,0.1,0,0,0,0,0,0,0
pettian01,3.4,3.2,3.1,1.1,6.8,1.5,3.8,2.2,3.3
charlno01,0,1.3,0.8,-2.5,-0.2,0.5,-0.3,0.5,0
rzepcma01,-1.1,1.1,0.3,0,0,0,0,0,0
dukeza01,-0.3,0.4,-0.3,1.2,0.5,2,0.2,0,0
osbordo01,0.7,0.1,0,0,-0.1,0,-0.3,0,0
duchsju01,-0.1,3.9,0,0.3,0,0,0,0,0
barojsa01,-0.5,0,0,0,0,0,0,0,0
walkety01,0.2,0.6,0.2,0,0,0,0,0,0
langfri01,1.3,-1.4,-0.2,0.8,-1.6,0,0,0,0
blackbu02,2,0.1,4,3.5,1.1,-0.4,0.6,-0.1,-0.8
davisdo02,3.7,0.9,2.5,2.4,2.4,-1.3,-1,0,0
stewasa01,0.2,1,0.3,-0.6,0,0,0,0,0
slatoji01,2.6,1.9,3.5,-0.1,0.1,1.4,-0.1,0.2,0.7
willimi03,1.9,-0.3,1.1,1.1,1.1,-1.3,0,0,0
greento01,-1,0,-0.2,0,0,0,0,0,0
manzajo01,-0.2,0,-0.1,1.6,1.5,-0.2,-1,-0.7,0
fettemi01,0.7,1.4,1,0.5,-0.3,1.1,-0.5,-0.1,0.3
wittbo01,1.6,3,-0.1,1.9,1.6,2.7,-1.6,0.8,-0.2
hollade01,0.5,0.8,-1.7,0,0,0,0,0,0
barrifr01,0.1,-0.3,0,0,0,0,0,0,0
stonest01,2.4,1.4,1.1,4,-0.6,0,0,0,0
chrisla01,0,0.5,1.1,3.2,0.4,0,0,0,0
taylobi04,-0.4,0,0,0,0,0,0,0,0
saberbr01,3.6,5.1,1.5,2.7,5.5,2.2,0,-0.2,2.9
willije02,0,0,0,0,0,0,0,0,0
tolivfr01,0,0,0,0.2,0,0,0,0,0
shower01,1.8,3.4,0.4,-1.4,-0.8,0,0,0,0
proctsc01,-0.1,-1.4,0,0,0,0,0,0,0
walkemi01,0,0.1,-0.6,0,0,0,0,0,0
moyerja01,0,3,1.8,0.5,2.6,3.7,5.7,6.6,-0.1
tananfr01,1.3,1.9,1.1,1.6,2,4.4,2.1,1.3,3
gullibi01,1.8,4.5,0.6,0,0,1.2,2,1.6,0.1
assenpa01,-0.1,0.8,0.9,1.2,1.3,1.5,0.8,-0.9,0
deleolu01,-0.3,0,0.2,0,0,0,0,0,0
willibr01,0.5,0,0.2,-0.9,0,0,0,0,0
hennse01,0,0,0.1,0,0,0,0,0,0
valdese01,0.5,-0.2,-0.3,-0.8,0,0,0,0,0
laceybo01,-0.1,0.2,0,0,0,0,0,0,0
evelada01,0.5,0.2,0,0.5,0,-1,0,0,0
foggjo01,0.9,-1.5,0.6,0,0,0,0,0,0
saarlki01,-0.3,0,0,0,0,0,0,0,0
hasegsh01,3.2,-0.3,0.6,0,0,0,0,0,0
jimence01,0,0.2,0.5,0.3,0,0,0,0,0
rileyma01,-0.6,0,0,0,0,0,0,0,0
jimenub01,-0.7,2.7,-0.5,2.6,0.1,-1.3,0,0,0
garcija01,1.7,1.4,0.5,1.1,2,1.1,0.8,0.6,0
sarmima01,2,0.9,0,0,0,0,0,0,0
dopsojo01,-0.1,1.4,0.7,0,0,0,0,0,0
lincomi01,0,0,0,0.5,-0.8,-0.6,0,0,0
micelda01,-0.2,0.6,-0.5,-0.3,1.1,0.8,-0.1,0.3,0
adamste01,2,-0.4,1.4,0.5,-1,0,0,0,0
lopezau01,1.4,0.4,-0.7,2.1,1.8,-0.9,0.4,-0.1,0
isrinja01,1.9,1.1,1,1.4,2,0.6,1.5,-0.7,0.2
grimsja01,-0.2,-1.5,0,0,0.8,0.5,1.9,1.6,0.2
serafda01,0,-0.5,0,0,0,-0.1,0,0,0
fossato01,0.4,1.5,0.5,-0.8,-0.2,-0.2,0,0,0
lacorfr01,-0.1,-1.2,-1.1,-0.9,0,0,0,0,0
violafr01,7.7,4.1,6.4,2.6,6.3,4.3,0.5,-0.3,-0.4
tudorjo01,8.1,2.8,1.7,5.2,0.2,3.4,0,0,0
brownto05,4.1,0.8,-0.3,0.7,0.4,-0.1,0,0,0
colomje01,0.7,0.2,-0.6,-0.1,0,0,0,0,0
cuetojo01,6.4,3.9,5.6,1.7,0,0,0,0,0
estessh01,1.7,0.3,-1.3,0.7,1,0,0,-0.1,0
hamptmi01,6.6,4.7,0.3,-1.9,1.9,1.5,1.1,0,0
haliced01,-0.1,0,0,0,0,0,0,0,0
dunnist01,-0.4,0.2,0,0,0,0,0,0,0
belisro01,-0.2,0,0,0,0,0,0,0,0
lollati01,-0.9,0,0,0,0,0,0,0,0
wilsobr01,-0.1,0.6,-0.6,0,0,0,0,0,0
hernaor01,2.8,0.4,1.3,2.5,0,0,0,0,0
romose01,0.4,0.8,0.8,0.5,0,0,0,0,0
quiseda01,4.3,1.7,1.7,-0.4,0.9,-0.9,0,0,0
hollaal01,3.3,1.4,1.8,-0.6,-0.3,0,0,0,0
gonzaje01,3,-0.6,-0.3,-0.9,0,0,0,0,0
lewisco01,0,0,3.2,1.9,2.1,0,-0.7,1,2.4
stammcr01,0.3,0,1.4,0,0,0,0,0,0
schilcu01,1.2,2.2,4.9,6.3,6.2,4.9,5.1,8.8,8.7
foxch02,1.3,-0.2,-0.2,0,0,0,-0.2,0,0
mazzavi01,0,-0.5,0,0,0,0,0,0,0
boltoto01,0.8,-0.1,0,0,0,0,0,0,0
westda01,2,0.6,0,0,-0.3,0,0,0,0
deshaji01,3,-0.7,0.8,2.8,-1.3,-0.6,0,0,0
jonesto02,1.1,1.2,0,0.5,-1.3,0.5,2.9,0.4,0.4
bakersc02,4.3,0,0.2,-0.4,-0.1,0,0,0,0
willido03,-0.6,-0.2,-0.3,0,0,0,0,0,0
alexado01,3.3,2.3,-0.1,0.6,3.3,-1,0.9,6.1,4.9
grahejo01,0,0,0,0.6,0,0,0,0,0
howeljp01,-1.1,0.9,1.6,1.1,1.6,0.3,-0.2,0,0
tavarju01,-0.4,2,-0.1,-0.9,1.2,1.3,0.5,1.2,0.1
mussimi01,5.5,5,4.4,5.6,7.1,4.5,6.6,2.4,3.4
anderbr04,1.5,-0.8,-0.5,0,0,0,0,0,0
anderma01,0,-0.8,0,0,0,0,0,0,0
hitchst01,2.7,2.7,0.3,0.2,-0.2,0.4,-0.3,0,0
garlajo01,3.7,3.9,0.7,1.6,1.3,0.2,0,0,0
oflaher01,1.5,0.4,0.4,-1.3,-0.8,-0.5,0,0,0
thompma01,-0.4,0,0,0,0,0,0,0,0
borkoda01,0,0.1,-0.2,-0.9,0,0,0,0,0
baileco01,0,0,1.4,0.5,0,0,0,0,0
lidgebr01,2.4,-2.6,1,0.9,-0.8,0,0,0,0
daiglca01,-0.8,0,0,0,0,0,0,0,0
dotsori01,0.3,-0.5,2,-0.1,0.4,-0.9,0,0,0
marshse01,1.6,0.2,-0.6,0,0,0,0,0,0
leonade01,3.7,3.4,-0.6,1.2,0,0.1,1.4,0,0
maysjo01,-1,-1.5,0,0,0,0,0,0,0
hillke01,3,0.7,6.6,2.5,1.7,1.2,-0.8,-0.6,0
glavito02,3.3,2.1,4.8,5.8,5.5,6.1,2.8,4.9,3.6
estrama01,0.6,3.6,3.5,2.2,0,0,0,0,0
hartzpa01,0,0,-0.5,0,0,0,0,0,0
carrahe01,0.8,0.3,0,0.2,0,2.9,1.7,-0.8,0
booneda02,0,0,0,0.3,0,0,0,0,0
gonzagi01,2.3,2.8,0.8,6.6,0,0,0,0,0
leema03,0,0.3,0,0,0,0,0,0,0
wilsokr01,-0.2,0,0,0,0,0,0,0,0
haranaa01,1.9,1.1,-1,0.9,1.7,-0.6,1.9,0.7,0
lestejo01,0.7,3,4.6,3.1,5.3,0.7,0,0,0
cookde01,0.4,0.5,1.3,0.5,2,1,-0.3,0.1,0.4
russeje01,2.5,-0.3,0.9,3.3,1.4,0.1,1,1.6,0
danksjo01,0.9,1.1,0,-0.6,0,0,0,0,0
abbotji01,3.9,-2.1,0,0.5,-1.1,0,0,0,0
candejo01,0.7,4,4.5,3.3,1.3,2.4,0.1,2.7,-0.1
davisst02,2.8,0.2,0.2,0,1.4,0.5,0.8,0,0
mongesi01,0.2,-0.1,0.5,-0.6,0,0,0,0,0
bosioch01,3.3,2.9,1.6,1.9,-0.4,0,0,0,0
sprinde01,0.5,0,0,0,0,0,0,0,0
guzmajo01,4.1,3.6,0.4,-0.7,0,0,0,0,0
rasmude01,0.8,0,0.1,1.6,-0.5,0,-0.3,0,0
anderla02,1.4,-0.9,0.8,1.6,-0.4,0.7,0.9,1.2,2.4
sandesc01,3.1,2.8,2.6,2.7,-0.1,1.1,0.4,4,-0.1
farnsky01,2.2,0.7,0,0.4,0.2,1.3,1.3,0,-0.1
mitrese01,-0.9,0.6,-0.1,0,0,0,0,0,0
keislra01,0.1,-0.2,0,0,0,0,0,0,0
tazawju01,0.5,0.4,-0.7,0,0,0,0,0,0
camacer01,0.9,-0.7,-0.7,0.2,-0.2,0,0,0,0
corbiar01,0,0,-0.5,0,0,0,0,0,0
gearyge01,-0.9,0,0,0,0,0,0,0,0
pavliro01,0.1,0,0,0,0,0,0,0,0
richacl01,0,0.4,0.5,0.4,0,0,0,0,0
dayleke01,1.1,0.7,0.3,-0.1,0,-0.1,0,0,0
bankswi01,0.7,-0.3,0,0,0.2,0.5,0,0,0
tejedro01,-0.2,0,0,0,0,0,0,0,0
zambrca01,3.4,4.3,3,2.8,0.8,0.3,0,0,0
urbinug01,1.1,1.4,2.7,0.4,0.8,0,0,0,0
borbope02,0,0.7,-0.8,0.9,-0.3,-0.8,0,0,0
appieke01,4.6,6,5.6,-0.2,1.4,2.8,3.5,1.8,0.3
narvech01,-0.3,0.1,0,0,-0.6,0,0,0,0
robinro01,3.2,0,-0.5,0,0,0,0,0,0
armstmi01,-0.2,-0.7,0,0,0,0,0,0,0
clydeda01,-0.1,0,0,0,0,0,0,0,0
condrcl01,0.8,0.6,0,0,0,0,0,0,0
hawkian01,2.1,-1,-0.9,-0.5,0,0,0,0,0
moylape01,-0.1,-0.4,0,0.1,0.6,1.1,0,0,0
richajr01,4.9,4.1,5.6,2.9,0,0,0,0,0
zahnge01,3.6,0.4,-0.6,2.8,4,4.2,0.2,0,0
stoddti01,0.4,0.2,-1.4,0.7,-0.8,0.8,1.7,-1.3,0.4
goodedw01,2.5,3.3,2.2,3.5,-0.6,0,2.6,1.2,2.7
carraca01,3.8,3.6,5.4,0,0,0,0,0,0
draveda01,-0.1,0.1,0,0,0,0,0,0,0
guantce01,2.4,0.1,-0.2,0,0,0,0,0,0
breslcr01,0.4,1.2,1.6,-1.3,0.5,-0.2,0,0,0
devinad01,1.4,-0.5,0,0,0,0,0,0,0
porceri01,0.6,5.1,-0.2,0,0,0,0,0,0
barlomi01,-0.3,0,0,0,0,0,0,0,0
ortizra01,0,-0.2,0,0,0,-0.6,-0.2,0,-0.2
astacpe01,-0.7,5.9,3.1,1.9,0.8,-0.6,-0.3,1.8,-0.5
vargacl01,1.4,-0.5,0,0,0,0,0,0,0
venafmi01,0,0.2,0,0,0,0,0,0,0
burtoja01,0.5,0,0,0,0,0,0,0,0
montajo01,-0.7,-0.7,0,0,0,0,0,0,0
reedst01,1.8,0.5,0.6,0.7,2.6,1.5,1.5,-0.4,0
mcelrch01,-0.9,1,1,3,0.7,0.6,-0.7,0,0
rodrife02,0.3,0.4,0,0,0,0,0,0,0
fishebr01,0,0.7,0,0,0,0,0,0,0
davieky01,-1.2,0,0,0,0.1,0,0,0,0
stottto01,3.6,2.1,2.7,1.7,3.1,1.1,0.6,0,-0.4
brunebr01,-0.8,-0.3,0.1,0,0,0,0,0,0
habyajo01,2.9,0.8,0.4,0.9,0.7,-0.2,0,0,0
cormila01,0.2,-0.5,0,0,0,0,0,0,0
hickeke01,0,0,1.1,-0.4,-0.7,0,0,0,0
pattotr01,0.5,-0.2,0,0,0,0,0,0,0
ruschgl01,-1.2,3,1,-1.3,0,0.3,-0.4,0,0
atchisc01,-0.3,0.5,1.8,-0.7,1.7,-0.4,0,0,0
mortoch02,0.4,-0.8,0.3,1.8,0,0,0,0,0
wellsda01,2.9,2.7,5.3,2.9,4.3,4.8,3,4.8,1.3
vealdo01,-0.4,0,0,0,0,0,0,0,0
sloweke01,0.6,-0.4,0,0,0,0,0,0,0
cormirh01,-0.3,0,0.5,0.2,0,-1.1,2.6,1.6,-1.1
burnese01,2,0.4,1.5,0.6,-0.1,0,0.1,0,0
mcclubo01,0.1,0.5,0.6,0.9,0.7,1.7,-0.1,-0.4,1.5
servisc01,-0.5,0.4,0.8,-0.4,1.8,-0.4,-0.6,0,0
hoytla01,2.6,-1.1,0,0,0,0,0,0,0
sherrge01,-0.9,0.6,-0.2,0,0,0,0,0,0
daviska01,0,-0.1,0,0,0,0,0,0,0
santijo03,0.7,0,0.1,0,0,0,0,0,0
towerjo01,-0.8,0,0,0,0,0,0,0,0
zimmejo02,3.5,0.2,0.3,0,0,0,0,0,0
masteju01,-1.7,-0.2,0,0,0,0,0,0,0
braybi01,0,0,0,0,0,0,0,0,0
mcwilla01,3.8,0.1,-1,-0.1,0.7,0.7,-0.4,0,0
lacosmi01,0.2,-0.2,-0.2,1.8,0,0.7,0.6,-1.6,0
bellro01,0,-0.4,0,0,0,0,0,0,0
cappsma01,0.8,0.2,0,0,0,0,0,0,0
caudibi01,1.1,-0.4,-0.3,0,0,0,0,0,0
chacijh01,0.4,0.2,2.4,0,0,0,0,0,0
ledezwi01,-0.4,-0.3,-0.3,0,0,0,0,0,0
kaiseje01,-0.3,0,-0.2,0,0,0,0,0,0
roajo01,0,0.4,-0.4,0.4,0,0,0,0,0
clearma01,0.6,2.6,0.4,0.3,0,-0.2,0,0,0
parrist01,0.8,0.2,-0.3,0,0,0,0,0,0
mooremi01,3.7,5.5,-1.5,4.6,0.9,0.7,1.6,-1.6,0
loewead01,0,0,0,0,0,0,0,0,0
graveda01,2.2,-0.7,-0.4,-1.2,-0.3,0,0,0,0
lerchra01,-0.7,-0.5,-1,0.6,0,-0.4,0,0,0
hernaro01,2.7,0.8,2.7,1.5,0.8,0.5,-0.5,-0.9,2.2
underto01,2.4,-0.2,2,0.9,0.2,0,0,0,0
parrajo01,0,0.3,0,0.2,0,0,0,0,0
oquismi01,0.9,0,0,0,0,0,0,0,0
outmajo01,0.5,0,0,0,0,0,0,0,0
croweji01,0,0,-0.3,0,0,0,0,0,0
farrejo03,-0.7,-0.4,-0.1,-0.4,0,0,0,0,0
gubicma01,1.2,-0.4,2.7,0.5,2.2,4.4,1.4,-0.6,0
rincori01,1.3,0.6,0.3,-0.3,0,0,0,0,0
smithmi03,-1.2,0,0,0,0,0,0,0,0
gibsopa01,0.1,0,0,0,0,0,0,0,0
smilejo01,5,-0.3,1.5,2.7,4.5,0,0,0,0
leagubr01,0.1,0.7,1,-1.4,0.6,0,0,0,0
sauersc01,0.1,0,0,0,0,0,0,0,0
kippebo01,-0.5,-0.3,0,0,0,0,0,0,0
cartela02,0.3,-0.3,0,0,0,0,0,0,0
harderi01,1.7,-0.3,0.5,0,0,0,0,0,0
clarkst02,-0.5,0.1,0,0,0,0,0,0,0
glovega01,-0.2,0,0.6,-0.1,0,0,0,0,0
greisse01,-0.5,0.1,0,0,0,0,0,0,0
batismi01,1,0.3,-1.7,2.9,2.1,4.4,2,0,2.3
munozmi01,-0.6,-0.3,0.8,-0.3,1.1,-0.2,0,0,0
schuero01,-0.4,-0.3,0,0,0,0,0,0,0
dreifda01,1.6,-0.2,0,0.3,0.1,0,0,0,0
mayda02,0,1,6,0.2,-0.8,0,0,0,0
burkejo03,2.5,1.4,1.9,2,2.4,0.4,1.3,0.6,4.8
burbada01,3.4,1.4,3.7,3.7,3.7,-0.9,0.9,0.8,0.3
ryanbj01,2.4,3.6,-0.6,1.2,-0.4,0,0,0,0
stricsc01,-0.1,0,0,0,0,-0.1,0,0,0
miltoer01,1.4,-1.9,1.3,0.1,0,0.2,0,0,0
figueed01,-1.3,-0.1,0,0,0,0,0,0,0
elbersc01,0.1,0,0,0,0,0,0,0,0
billich01,1.6,0.2,0,-0.3,0,0,0,0,0
waitsri01,2.9,2.9,0.5,-0.2,-0.4,1.2,-0.7,0,0
delucri01,-1.1,0.6,1.2,0,0,0,0,0,0
wengedo01,-0.9,0,0,0,0,0,0,0,0
escobke01,3.3,4.4,1.5,3.4,4.9,0,0.1,0,0
romerjc01,0.6,-0.9,2.2,1.6,0.3,0.3,0,-0.5,0
wisema01,0.1,0.1,-0.1,0,0,0,0,0,0
sullisc01,2.2,-2.1,0.7,0.5,0,0,0,0,0
prietar01,0.1,0,0,0,0,0,0,0,0
ericksc01,2.2,4,4.3,2.1,-1.2,0,-0.8,0,-0.1
huffmph01,-0.4,0,0,0,0,0,0,0,0
muldema01,-1.8,-0.7,-0.1,0,0,0,0,0,0
elartsc01,0,0.3,0.4,-1.6,0.1,0,0,0,0
washbja01,1.7,4.3,1.2,2.8,0.4,3.1,0,0,0
rozemda01,0.3,0.5,0.9,-0.3,0,0,0,0,0
rupejo01,0,0,0,0,0,0,0,0,0
dipotje01,2.8,0.3,0,0,0,0,0,0,0
deharri01,-0.3,0,0,0,0,0,0,0,0
wangch01,-0.1,-0.6,-0.8,0,0,0.2,0,0,0
dempsry01,0.3,2.2,-0.4,0.1,7,3.5,3.1,0.8,3.8
harrima01,0.2,-0.1,0,0,0,0,0,0,0
hootobu01,5.5,5.1,3.7,1.6,3.3,0.5,0.5,1.4,0
mesajo01,1.3,1.3,3.9,1.4,2.2,-0.4,0.6,-0.2,1
ruffijo01,0,-0.3,-0.1,0,0,0,0,0,0
bedarer01,1.1,2,0,1.3,-0.6,0.9,-0.4,0,0
trachst01,0.2,2.7,1.1,2.4,4.4,2.9,0.3,0.6,1.6
knighbr01,0,0,0,0,0,0,0,0,0
soriara01,0.3,1.9,2.2,0.6,2.6,0.9,0.8,-0.2,0
botteke01,0.9,3.1,1.6,-0.8,0,0,0,0,0
bonhabi01,3.8,1.8,1.7,0,0,0,0,0,0
johnsja02,2.9,0.7,0.7,-0.7,0,-0.2,0,0,0
youngcu01,0.4,-0.8,-0.4,0.4,0.3,0,0,0,0
putzjj01,-0.4,1.7,1.6,1.3,0.9,-0.2,0,0,0
cerutjo01,-0.3,0,0,0,0,0,0,0,0
thurmma01,0.2,0.1,0,0,0,0,0,0,0
villaca01,1.4,1.4,-0.1,0.9,-1,0,0,0,0
meyerda02,-0.5,0,0,0,0,0,0,0,0
lillyte01,0.2,1.6,4.1,4.1,5,4.1,1.4,0.6,-0.4
wilsopa02,1.5,-0.1,2,-1,0,0,0,0,0
harvebr01,4,0,0,0,0,0,0,0,0
eilanda01,0,-0.4,0,0,-0.3,0.3,-0.6,0,0
longbi01,-0.1,0,0,0,0,0,0,0,0
rodnefe01,0.2,0.4,0.2,-0.4,3.8,0.5,0.8,-0.6,1
rueteki01,0.6,1.8,1.3,2.8,0.4,1.9,-0.9,0,0
bottari01,0.6,0.2,-0.3,0,1.1,-0.2,0,0,0
comstke01,0.9,-0.1,0,0,0,0,0,0,0
timlimi01,1.4,2.5,0.6,0.4,0.3,1.1,1.6,1.4,2.9
peavyja01,3.9,1.7,1.6,1,5.3,1.5,2,1.5,-0.9
blylebe01,6.6,5.8,5,3.4,1.5,5.6,-0.1,3.2,7.2
lowese01,-0.2,0,0,0,0,0,0,0,0
lopezal02,0.4,3.3,1.1,0,-1.5,0,0,0,0
portuma01,-0.5,1.8,3.8,0.6,0.6,2.6,0.1,0.9,0.3
nomohi01,3.2,2.6,3.6,-2.4,-1.4,0,0,-0.5,0
arroybr01,6.8,3.3,1.5,2.6,2.2,-1,3.6,2.5,0.7
leecl02,6.9,5.4,4.8,8.6,4.5,7.3,0.8,0,0
lirafe01,-0.2,0,0,0,0,0,0,0,0
coopebr01,0.4,0,0,0,0,0,0,0,0
turnbde01,-2.4,0.2,-0.7,0,0,0,0,0,0
pelfrmi01,0.8,-0.3,-0.7,1.4,0,-1.2,0,0,0
garcifr02,3.6,3.9,-0.3,0.3,1.3,2.3,3.6,0.1,0.6
delarjo01,1.6,1,-0.6,4.3,2.4,2.8,0,0.7,0
hudsoda01,-0.2,-0.7,0,0,0,0,0,0,0
schuldo01,-0.4,0,0,0,0,0,0,0,0
carradj01,1.6,0.6,-0.8,-0.1,0,0,0,0,0
cordech01,0,-0.2,0,0,0,0,0,0,0
manzara01,-0.3,0,0,0,0,0,0,0,0
espinni01,0.8,-1.2,0,0,0,0,0,0,0
mahayro01,0.4,-0.5,1,2.1,-0.4,0.5,2,1.4,0.3
caprabu01,1.3,0,0,0,0,0,0,0,0
morrobr01,-0.6,-0.3,0.9,0.4,1.1,0,0,0,0
littema01,2.9,-1.2,-0.3,-0.5,0,0,0,0,0
averyst01,1,-0.9,0.2,-0.1,0,0,0,-0.2,0
sanchan01,2.4,6.3,2.4,0.1,-1.2,-0.8,0,0,0
pavlada01,0.9,0,0,0,0,0,0,0,0
rogerst01,3.7,5.9,1.4,7.7,3.7,-0.8,-0.4,0,0
clemema01,3.7,3.1,-0.3,0,0,0,0,0,0
hartlmi01,0.1,0,0,0,0,0,0,0,0
benesan01,1.5,2.5,4.1,3.1,0.9,1,-2.5,1.3,0
bookegr01,0.1,-0.1,0,0,0,0,0,0,0
filsope01,0,0,-0.9,0,0,0,0,0,0
carrido01,-0.6,-0.4,0,0,0,0,0,0,0
shousbr01,0,0,0,0.1,1.4,1.9,-0.4,0.6,1
frankry01,1,0.6,1.6,0.7,2.2,0.7,-1.6,0,0
hernawi01,1.7,4.8,2,1.2,0,1.2,-0.6,0,0
latosma01,-0.5,0.1,-0.1,0,0,0,0,0,0
priceda01,4.6,6,3.1,1.7,0,0,0,0,0
garresc01,-0.2,4,0.8,-0.4,0,0,0,0,0
coffeto01,0.4,-0.1,0,0,0,0,0,0,0
rauchjo01,0.8,1,1.3,0,0.1,-0.6,0,0,0
frasoja01,0.6,1.1,0.4,1.2,0.8,1,0,0,0
laddpe01,0.1,1.4,0,0,0,0,0,0,0
owchibo01,-0.9,0,0.7,0,0.3,0,0,0,0
seaybo01,1.4,0.7,0.4,0,0,0,0,0,0
ruthvdi01,0.6,2.7,-1.1,1.8,0.6,-0.1,0.4,-0.2,0
madurca01,-0.2,0,0,0,0,0,0,0,0
osullse01,-0.4,-0.3,0,0,0,0,0,0,0
nunezed01,-1.3,-0.5,2.2,-0.8,-0.3,0.9,-1,0,0
swancr01,4.6,1.3,0.1,2.9,-0.9,-0.8,0,0,0
farmeed01,0,0.6,1.1,2.7,-1.2,-0.6,-0.6,0,0
wolfro01,0.2,0,0,0,0,0,0,0,0
grosski01,0,0,0,-0.3,-0.4,0,0,0,0
chacosh01,1.5,0,0,0,0,0,0,0,0
streehu01,0.4,1.3,1,2.7,0.9,-0.6,0.1,0,0
hasslan01,0.5,0,0.3,2.8,1,1.6,-0.2,-0.3,-0.1
kileda01,5.4,2.2,1.9,3.7,4.9,1,0,0,0
wilsotr01,0,0.2,0,0,0.2,0,0,0,0
aquinlu01,0.7,2.9,0.6,-0.8,0,0,0,0,0
moralfr01,-0.1,-0.4,0.7,-0.2,0,0,0,0,0
landrbi01,-0.7,0.3,0,0,0,0,0,0,0
andujjo01,5.8,1.3,3.6,2.2,1.5,-0.4,-0.3,0,0
ramirra02,0,-0.3,0,0,0,0,0,0,0
mccatst01,1.4,0.3,-0.8,0,0,0,0,0,0
milletr02,0,0.5,0.9,0.5,1.1,0.3,0.3,1.2,0.1
foulkke01,3.5,3.5,-0.2,0.8,0,0.2,0,0,0
mcmicgr01,0,0.1,0,0,0,0,0,0,0
pulsibi01,-0.3,0,0,0,-0.1,0,0,0,0
gorzeto01,0.6,1,0.4,0.6,-0.7,-0.5,0,0,0
harrigr01,0.3,2.5,0.9,3,2.3,3.1,1,-1.7,1
dipinfr01,2.2,-1,1.4,-0.6,0,0.3,-0.1,0,0
cruzne01,-0.5,0,0,0,0,0,0,0,0
macdomi01,-1.4,0.6,0.1,-0.5,1.3,-0.2,0,0,0
harenda01,6.5,3.3,4.3,-0.4,0,-0.6,2.2,0,0
marquja01,-1.7,0.8,2.5,3.5,-1.2,-0.2,-1.4,-0.1,0
petryda01,4.1,-1.1,-1.6,1.1,-0.7,1.4,-1.2,0,0
reynosh01,3.7,3.3,1,2.8,0.6,-0.8,-0.3,0,0
searara01,0.4,0,0.2,0.5,0,0,0,0,0
reuscri01,5.5,5.7,5.7,3.3,0,0.3,-0.2,6.2,1.1
slocuhe01,-0.3,0.2,1.3,-0.2,0,0,0,0,0
wellski01,-0.5,-0.3,-1.7,-0.5,-0.2,0,0,-0.3,0
lynched01,2,-0.4,0,0,0,0,0,0,0
heredgi01,0,1.8,2.4,3.4,-0.4,0,0,0,0
mcgresc01,0.7,5.4,1.1,0.6,1.6,-1.1,-0.7,0,0
cottsne01,-0.3,0,0,0,2.6,0.1,0.6,0,0
corbedo01,0.3,-0.6,0,0,0,0,0,0,0
beckro01,0.5,1.6,-0.2,1.1,0.9,0,1.3,-0.4,0
raych01,-0.1,0,0,0,0,0,0,0,0
moretro01,0.3,-0.2,0,0,0,0,0,0,0
lindsma01,1.4,-0.6,0,0,0,0,0,0,0
sanchjo01,-1.7,-0.9,0,0,0,0,0,0,0
eckerde01,0.8,4.5,-0.4,4.2,4.6,1.9,3,2.3,2.6
maddugr01,9.2,5.8,8.5,9.7,7.1,7.8,6.6,3.2,6.6
davisro02,-0.9,1,-2.7,-0.3,-0.1,0,0,0,0
ellisro02,-0.1,-0.3,0,0,0,0,0,0,0
samarje01,3.7,0.2,2.8,2.4,0,0,0,0,0
matsuda01,-0.1,0.2,0,0,0,0,0,0,0
motteja01,-0.2,0.3,0,0.7,0,0,0,0,0
dibblro01,0,-0.7,0,0,0,0,0,0,0
tillmch01,0.8,4.1,-2.2,0,0,0,0,0,0
myersmi01,1.3,0.7,0.1,0.5,1,0.7,0,0,0
hugheph01,-0.7,4.3,1.8,-0.1,-0.6,0,0,0,0
wilcomi01,0,2.2,3.3,2.1,1.2,2.3,1.7,0.8,0.9
guzmaju01,-0.1,2.3,3,-0.4,0,0,0,0,0
brownja01,0.4,-0.1,0,0,0,0,0,0,0
soriajo01,0.2,0.5,1.7,0.5,1.1,0,0,0,0
mathegr01,-0.5,0,0,0,0,0,0,0,0
detwiro01,0.1,-0.3,-1.7,-0.2,0,0,0,0,0
onealra01,0,0,0,0,0,0,0,0,0
rasmuer01,0,-0.5,-0.3,0,0,0,0,0,0
ohlenro01,0.9,0,0.3,0.2,0,0,0,0,0
eyresc01,0.6,0.6,2.3,1.3,0.4,0.2,1.2,0,0
keyji01,1.5,4.3,3.9,6.2,4.4,0,2.9,4.6,1.3
broweji01,-0.5,-1.1,-0.4,0,0,0,0,0,0
harikti01,0,0,0,0.9,-0.1,0,-0.1,0,0
lintodo01,0,-0.1,0,0,0,0.2,0,0,0
darliro01,0.3,-0.5,1.2,1.8,0.8,0.9,-0.9,0,0
fistedo01,0.2,0,0,0,0,0,0,0,0
plesada01,1.5,-0.7,-0.2,1.1,0.9,0.9,0.9,-0.3,0.4
montgje01,4.4,1,1.4,0.9,1.1,-0.1,-0.9,0,0
lidleco01,0.5,0.8,-0.3,1.8,0,0,0,0,0
cainma01,3.7,3.9,0.5,0.1,-0.7,-0.7,-0.5,0,0
stewada01,1.6,-0.6,1.2,4.3,4.4,3.9,5.2,-0.5,1.3
herreyo01,0.3,0,0,0,0,0,0,0,0
rislebi01,-0.3,0,0,0,0,0,0,0,0
loganbo02,1,0.7,-1,0.6,0.6,0.1,0,0,0
bukviry01,-0.1,0,0,0,0,0,0,0,0
dejesjo01,0.6,0,0,0,0,0,0,0,0
moskapa01,-0.5,0,0,0,0,0,0,0,0
nolesdi01,0.2,-0.2,1.1,-0.6,0,-0.1,0,0,0
harkemi01,0.5,0.6,0,0,0,0,0,0,0
howelke01,-0.3,0,0,0,0,0,0,0,0
blairwi01,-0.1,3.8,0.4,-1.2,1.3,-1.1,0,0,0
innisje01,0.2,0,0,0,0,0,0,0,0
luebbla01,0.2,-0.4,0,0,0,0,0,0,0
haasmo01,0.7,3.8,2.6,1.9,1.9,-0.2,0,0,0
stantmi01,0.4,0.3,1.7,0.8,-0.8,0,0,0,0
wittmi01,2.3,1.5,0.1,0.6,-0.3,0,-0.2,0,0
aceveju01,0.1,1.2,-1,0,0,0,0,0,0
lillide01,-0.3,0,0,0,0,0,0,0,0
mcdonbe01,1.3,5.4,1.7,0,0,0,0,0,0
hargeal01,-0.1,0,0,0,0,0,0,0,0
kisonbr01,-1,1.3,2.8,0.1,0.6,2.6,2.1,-0.4,1.3
spoljpa01,0,0,0,0,0,0,0,0,0
meachru01,0,0,0,-0.1,-0.3,0,0,0,0
guarded01,1.1,1.8,1.3,2,1.9,1.6,1,0.3,-0.3
bootcch01,-0.8,0,0,0,0,0,0,0,0
busketo01,1.5,0.2,0,0,0,0,0,0,0
puleoch01,1.6,1.3,-0.1,0,0,0,0,0,0
hannapr01,-0.8,-0.1,0,0,0,0,0,0,0
petkoma01,-1.2,-0.3,1.4,0.9,-0.9,0,0,0,0
scottmi03,3,8.4,5.9,4.7,2.8,1.6,-0.5,0,0
jonesba01,-1.4,-0.4,0,0,0,0,0,0,0
bondeje01,-0.3,-1.2,0,0,-0.3,0,0,0,0
cunnawi01,0.5,-0.2,0,0,0,0,0,0,0
reynoar02,0.4,1.2,1.6,1.4,-0.2,-0.1,0,0,0
lewisri01,-0.4,0,0,0,0,0,0,0,0
valenfe01,5.4,4.1,-0.1,1.2,-0.1,-0.4,0,0.5,1.4
greinza01,3.4,1.5,3.6,3.9,4.3,9.3,2.3,6,0
knackbr01,-0.3,0,0,0,0,0,0,0,0
navarja01,4.1,1.9,-1.3,-1.7,-0.7,-1.6,0,0,0
capuach01,0,0.7,0.7,2.1,-0.6,0,-1.1,0.2,0
alfonan01,-0.5,1.5,-0.1,-0.1,-0.6,0,0,0,0
gonzami02,1.4,0.4,0,0.5,-0.4,0,0,0,0
carragi01,1.7,1.1,-0.6,1.3,0.4,0.2,0,0,0
carpech01,0,3.3,5.8,5.1,-0.1,0.5,6.5,3.2,3.5
walldo01,0,-0.4,0,0,0,0,0,0,0
manshje01,1.7,0.6,0,0,0,0,0,0,0
embreal01,-0.5,1.4,0,-1.2,1.9,1,0.6,-1.4,0.6
garlawa01,-0.7,1.1,-0.4,0,0,0,0,0,0
perezch01,-0.1,0,0,0,0,0,0,0,0
gardnma01,-0.1,-0.2,1.2,1.6,-0.8,1.6,-0.3,0,0
meadobr01,0.5,-0.1,0.1,0,0,0,0,0,0
crainje01,1.1,2.2,1.6,2.4,0,0,0,0,0
wainhda01,-0.9,0.1,0.3,-0.3,0,0,0,0,0
sosajo02,-1.1,-0.3,-0.1,0,0,0,0,0,0
scherma01,6,7.1,6.2,7.3,0,0,0,0,0
plunker01,0.7,1.5,2.2,2.1,3,0.2,0.5,0,0
gormato03,0.1,0,0,0,0,0,0,0,0
rileyge01,0,0.1,0,0,0,0,0,0,0
majewga01,-0.2,0,0,0,0,0,0,0,0
lowede01,2.8,-0.7,1.5,4.8,2.5,4.4,0.9,2,-1
lopezja02,-0.4,1.9,1.2,0.6,0.9,0.5,1.4,0.3,0
bushda01,-1.3,-0.4,0,-0.1,0,0,0,0,0
swindgr01,5.3,0.5,0.1,0.2,-1.4,2.7,2,2,1.7
barkele01,3.6,1.2,1.3,-1,0,0.3,0,0,0
balfogr01,-0.5,2.9,-0.2,1.2,2,2.3,1.4,-0.6,-0.1
finlech01,2.3,7.2,3.4,3.1,4.2,3.2,7.2,2.6,4.5
patteda04,-0.4,0.2,0,0,0,0,0,0,0
clancji01,1.8,-0.2,2,3.7,5,0.2,-2.7,-1.7,0.4
yanes01,0.6,-0.9,0.7,0.1,-0.1,0,0,0,0
mclauby01,0.2,0,0,0,0,0,0,0,0
ontivst02,0,0,0.8,3.1,1.2,0,0,0,0
schroke01,1.3,-1.7,0,0,0,0,0,0,0
vandeed01,-0.1,0,0,0,0,0,0,0,0
nelsoje01,0.6,0.6,2.1,1.4,0.6,0.6,0,0.4,0.1
benitar01,2.4,1,2,1.7,3.4,-0.1,0.8,-0.9,-0.2
myersbr01,0.7,0.5,4.6,0.3,0.8,-0.6,0,0,0
sauveri01,0.1,0,0,0,-0.2,0,0,0,0.1
padilvi01,0.2,2.5,-0.7,1,2,1.1,0,0,0
pavanca01,5.3,0.4,0,0,0,1,4,2,-0.8
redfepe01,-2.2,0,0,0,0,0,0,0,0
bonesri01,-1.6,1.4,-0.2,0.2,-0.6,0,0,0,0
dickera01,0,0.1,0.5,3.6,3.6,5.8,2,2.5,2.3
benesal01,-0.3,0.2,-0.4,0,0,0,0,0,0
wolfra02,0.4,0.2,0.9,0.9,3.9,1.3,2.6,-1,0
reyesal01,0.2,0.4,0.3,0.5,2,0,0.3,0.1,0
wohlema01,0.7,-1.3,-0.1,0.2,0.2,0.2,0,0,0
hunteto02,0.6,0.4,0.6,1.2,0,0,0,0,0
ayalalu01,-0.6,0,1.5,1.8,0.4,0,0,0,0
mcculla01,0,-0.1,0,0,0,0,0,0,0
hillri01,0.5,0.8,-1.3,0,1.6,4.1,2.2,0,0
mintogr01,1.7,5.4,0.3,0.9,0.7,-0.8,1.9,0.4,2.7
radkebr01,4.5,0.6,2.5,5.8,2.8,1.7,0,0,0
norribu01,-1.8,-0.1,0.4,0,0,0,0,0,0
whitema02,-0.6,-0.5,0,-0.3,0,0,0,-0.3,0
